track_id,track_name,artist_name,genre,key,mode,danceability,energy,loudness,speechiness,acousticness,instrumentalness,liveness,valence,tempo,duration_ms,popularity
TRK000001,,Artist_032,pop,7,1,0.4601,0.5217,-14.856,0.0967,0.3863,0.0479,0.2802,0.4344,134.28,245026,46
TRK000002,Track_0002,Artist_271,hip-hop,9,1,0.6569,0.5275,-13.269,0.0982,0.1866,0.1951,0.1433,0.5942,122.05,268478,66
TRK000003,Track_0003,Artist_229,pop,7,0,0.6392,0.6152,-9.022,0.082,0.7157,0.1625,0.2153,0.8769,110.42,325169,63
TRK000004,Track_0004,Artist_154,pop,7,0,0.5864,0.11,-23.484,0.1938,1.0,0.0053,0.4843,0.4427,108.66,195847,50
TRK000005,Track_0005,Artist_152,electronic,5,1,0.4584,0.7699,-7.558,0.1281,0.0,0.0776,0.1912,0.5727,160.13,205826,63
TRK000006,Track_0006,Artist_300,,2,1,0.5752,0.3758,-15.967,0.0805,0.6126,0.0037,0.2489,0.6335,137.86,137927,67
TRK000007,Track_0007,Artist_030,latin,3,0,0.4915,0.5555,-14.006,0.1645,0.3935,0.0876,0.1034,0.4742,117.73,199148,57
TRK000008,Track_0008,Artist_244,rock,8,0,0.534,0.779,-12.229,0.0608,0.0849,0.0778,0.427,0.4094,170.5,197967,54
TRK000009,,Artist_071,classical,0,0,,0.3746,-18.018,0.0227,0.812,0.1652,0.2266,0.6341,118.68,194598,47
TRK000010,Track_0010,Artist_033,hip-hop,1,1,0.6543,0.311,-16.584,0.1262,0.8714,0.2953,0.2467,0.484,142.58,259504,52
TRK000011,Track_0011,Artist_184,jazz,4,1,0.625,0.6834,-7.895,0.1106,0.3651,0.0554,0.1146,0.5311,84.47,244395,50
TRK000012,Track_0012,Artist_341,electronic,9,0,0.7,0.4436,-13.153,0.1394,0.4409,0.0873,0.0973,0.6181,85.96,253617,60
TRK000013,Track_0013,Artist_257,hip-hop,7,0,0.8362,0.6032,-9.388,0.0908,0.2828,0.2362,0.0848,0.3111,141.87,157311,51
TRK000014,Track_0014,Artist_266,latin,7,0,0.7752,0.4641,-15.167,0.2975,0.5438,0.1983,0.1469,0.464,130.63,213489,56
TRK000015,Track_0015,Artist_251,rock,6,1,0.578,0.7483,-9.387,0.2375,0.1694,0.1359,0.3528,0.4138,182.11,227653,49
TRK000016,Track_0016,Artist_275,pop,1,0,,0.3371,-15.758,0.1032,0.6618,0.2789,0.4948,0.3401,102.25,296251,53
TRK000017,Track_0017,Artist_180,jazz,3,0,0.7535,0.7039,-8.979,0.3604,0.3965,0.1653,0.4636,0.6078,140.92,217442,43
TRK000018,Track_0018,Artist_045,country,0,0,0.8151,0.6592,-7.502,0.0221,0.0648,0.0168,0.2228,0.4837,115.12,204822,52
TRK000019,Track_0019,Artist_294,pop,9,0,0.1846,0.5292,-11.518,0.08,0.3343,0.1975,0.0946,0.6201,145.75,261086,51
TRK000020,Track_0020,Artist_158,hip-hop,9,1,0.4949,0.1305,-18.304,0.0729,0.8634,0.0533,0.1724,0.3997,143.53,200566,41
TRK000021,Track_0021,Artist_175,rnb,3,0,0.7598,0.3937,-16.362,0.3339,0.888,0.0102,0.0925,0.3867,121.23,233340,29
TRK000022,Track_0022,Artist_130,classical,3,0,0.8002,0.2141,,0.141,0.9381,0.1248,0.2383,0.1717,101.26,232007,29
TRK000023,Track_0023,Artist_064,metal,3,1,0.8499,0.6701,-4.782,0.3334,0.3293,0.3448,0.2252,0.562,112.5,188783,56
TRK000024,Track_0024,Artist_324,electronic,10,0,0.3358,0.6697,-9.148,0.0291,0.4027,0.0203,0.1195,0.3762,90.84,181076,61
TRK000025,Track_0025,Artist_273,jazz,5,0,0.7825,0.8759,,0.0452,0.1059,0.2057,0.124,0.5944,132.21,208579,55
TRK000026,Track_0026,Artist_225,,9,1,0.4171,0.6427,-11.908,0.0966,0.5512,0.0432,0.2328,0.9203,55.0,190523,46
TRK000027,Track_0027,Artist_141,latin,5,1,0.6419,0.3198,-14.998,,,0.0248,0.1925,0.153,105.73,142575,49
TRK000028,Track_0028,Artist_288,hip-hop,8,0,0.7232,0.6637,-6.914,0.1559,0.5665,0.081,0.2952,0.6169,147.31,242467,60
TRK000029,Track_0029,Artist_191,classical,6,0,0.409,0.5846,-12.227,0.2784,0.1715,0.0319,0.3849,0.4153,146.65,235665,49
TRK000030,Track_0030,Artist_155,hip-hop,3,1,0.8182,0.6204,-9.062,0.2187,0.2345,0.1953,0.1626,0.5905,76.86,176574,57
TRK000031,Track_0031,Artist_158,electronic,10,0,0.5414,0.5712,-10.817,,0.4783,0.3015,0.0518,0.1445,138.32,172209,41
TRK000032,Track_0032,Artist_080,jazz,8,1,0.3694,,-16.489,0.2132,0.7865,0.0105,0.4087,0.3144,90.05,231987,43
TRK000033,Track_0033,Artist_033,hip-hop,9,1,0.8316,0.4211,-12.95,0.111,1.0,0.1258,0.4876,0.6041,111.41,288844,63
TRK000034,Track_0034,Artist_194,rnb,11,0,0.8202,0.7307,-6.784,0.0391,0.0,0.0645,0.3602,0.8025,143.45,255934,59
TRK000035,Track_0035,Artist_310,hip-hop,2,1,0.4542,0.5894,-11.34,0.1333,0.4047,0.075,0.1193,0.5476,94.7,264028,42
TRK000036,Track_0036,Artist_023,jazz,1,0,0.8514,0.598,-9.011,0.214,0.388,0.1094,0.1074,0.8617,161.95,196298,42
TRK000037,Track_0037,Artist_300,rock,6,1,0.8742,0.736,-5.361,0.2384,0.3068,0.051,0.2326,0.3327,129.19,228695,41
TRK000038,Track_0038,Artist_289,hip-hop,3,0,0.7211,0.4405,-15.528,0.2059,0.8715,0.1531,0.1686,0.4864,134.96,204041,48
TRK000039,Track_0039,Artist_097,hip-hop,5,0,0.5747,0.5612,-11.657,0.3266,0.5965,0.0477,0.3689,0.9558,152.16,177326,62
TRK000040,Track_0040,Artist_221,pop,2,1,0.632,0.561,-15.55,0.1507,0.1503,0.0142,0.2833,0.7216,146.93,218804,45
TRK000041,Track_0041,,pop,4,1,0.2382,0.7974,-5.173,0.0653,0.4787,0.2865,0.1794,0.1747,144.49,170951,32
TRK000042,Track_0042,Artist_265,jazz,4,0,0.5134,0.3915,-12.697,0.2565,0.8796,0.3321,0.3936,0.4339,103.58,176468,42
TRK000043,Track_0043,Artist_245,jazz,4,1,0.5355,0.7132,-8.876,0.0694,0.3342,0.2185,0.1067,0.3521,90.89,189970,59
TRK000044,Track_0044,Artist_124,jazz,8,0,0.6783,0.4895,-12.937,0.2252,0.2193,0.0144,0.4064,0.4489,114.1,194768,57
TRK000045,Track_0045,Artist_024,pop,7,0,0.7884,0.8758,-5.218,0.169,0.0969,0.027,0.1535,1.0,135.28,208673,56
TRK000046,Track_0046,Artist_339,rock,5,0,0.5637,0.4049,-15.937,0.0506,,0.3541,0.369,0.6179,86.0,117017,45
TRK000047,Track_0047,Artist_156,pop,1,0,0.4546,0.6173,-9.909,0.1037,0.5621,0.0415,0.1178,0.197,138.32,168044,59
TRK000048,Track_0048,Artist_312,country,6,1,0.3408,0.3563,-17.888,0.098,0.3251,0.1841,0.1983,0.1903,132.49,280689,28
TRK000049,Track_0049,Artist_237,rnb,2,1,0.6985,0.841,-6.015,0.2207,0.0205,0.3357,0.2446,0.6588,116.91,209601,55
TRK000050,Track_0050,Artist_272,rock,3,1,0.8322,0.2795,-19.84,0.0808,0.9181,0.0028,0.7648,0.4747,123.72,235262,50
TRK000051,Track_0051,Artist_266,jazz,4,0,0.5496,0.8182,-4.704,0.049,0.4521,0.0653,0.2182,0.6401,123.82,228726,57
TRK000052,Track_0052,Artist_068,pop,1,1,0.7523,0.5163,-12.115,0.2113,0.5612,0.0606,0.5166,0.4299,134.37,205127,61
TRK000053,Track_0053,Artist_128,rock,4,0,0.8397,0.6392,-10.887,0.1761,0.5676,0.0709,0.3224,0.5857,142.9,170267,61
TRK000054,Track_0054,Artist_163,pop,3,1,0.5476,0.4889,-13.162,0.0814,0.593,,0.0797,0.3261,202.4,185255,54
TRK000055,Track_0055,Artist_174,rock,10,1,0.6633,0.25,-18.985,0.1448,0.9233,0.1024,0.5574,0.3698,126.73,298128,35
TRK000056,Track_0056,Artist_016,jazz,10,1,0.728,0.489,-10.726,0.0988,0.5372,0.1954,0.1374,0.6755,103.96,186002,45
TRK000057,Track_0057,Artist_191,rnb,0,1,0.752,0.5914,-11.96,0.1773,0.495,0.2089,0.0735,0.6488,68.63,287475,47
TRK000058,Track_0058,Artist_054,pop,7,0,0.6142,0.261,-16.861,0.0893,0.5191,0.1651,0.3426,0.2915,82.58,191310,43
TRK000059,Track_0059,Artist_260,electronic,7,1,0.6864,0.7527,-8.993,0.2381,0.3773,0.1058,0.2102,0.8261,100.79,195636,66
TRK000060,Track_0060,Artist_239,jazz,4,1,0.5274,,-4.033,0.1941,0.0,0.1869,0.1503,0.7679,141.3,213439,46
TRK000061,Track_0061,Artist_322,latin,5,0,0.6757,0.8164,-3.757,0.1557,0.3134,0.3334,0.1811,0.6396,110.94,202075,62
TRK000062,Track_0062,Artist_260,electronic,9,1,0.6495,0.274,-15.586,0.1312,0.647,0.282,0.1587,0.3917,133.39,167765,35
TRK000063,Track_0063,Artist_128,rock,4,0,0.5208,0.5214,-9.294,0.3165,0.5452,0.3255,0.2673,0.7841,101.5,209360,47
TRK000064,Track_0064,Artist_338,electronic,0,0,0.5139,0.6079,-9.982,0.3076,0.2206,0.4146,0.0973,0.7833,134.75,143752,59
TRK000065,Track_0065,Artist_144,rock,4,1,0.5966,,-7.346,0.0503,0.2761,0.2946,0.1038,0.2674,146.43,226398,47
TRK000066,Track_0066,Artist_114,metal,3,1,0.8303,0.6177,-6.836,0.3143,0.4485,0.2363,0.2173,0.8548,110.74,220115,39
TRK000067,Track_0067,Artist_317,hip-hop,4,0,0.7711,0.2836,-20.229,,0.8521,0.0504,0.3466,0.8066,134.18,242778,58
TRK000068,Track_0068,Artist_130,jazz,2,1,0.7691,0.5069,-14.175,0.1677,0.69,0.034,0.0279,0.6917,109.67,187641,46
TRK000069,Track_0069,Artist_027,pop,1,1,0.7818,0.3849,-18.822,0.1849,0.4081,0.0782,0.2194,0.4525,87.51,243223,44
TRK000070,Track_0070,Artist_164,hip-hop,11,0,0.5717,0.1152,-19.13,0.141,0.6146,0.1751,0.2524,0.2854,137.5,229379,43
TRK000071,Track_0071,Artist_278,rnb,1,0,0.863,0.7548,-10.713,0.1353,0.0696,0.1804,0.1629,1.0,133.56,215738,53
TRK000072,Track_0072,Artist_067,electronic,8,0,0.2612,0.4867,-17.209,0.0263,0.3215,0.0438,0.181,0.4882,138.62,298969,46
TRK000073,Track_0073,Artist_162,hip-hop,8,1,0.7605,0.8687,-7.303,0.269,0.4133,0.0444,0.2628,0.7948,148.75,231186,80
TRK000074,Track_0074,Artist_046,latin,7,0,0.577,0.7823,-10.613,0.096,0.4589,0.0422,0.1989,1.0,115.03,189125,60
TRK000075,Track_0075,Artist_240,rnb,10,1,0.5154,0.5302,-11.737,0.2148,0.2904,0.2746,0.2776,0.2861,117.1,279132,41
TRK000076,Track_0076,Artist_167,rock,0,1,0.5755,0.634,-12.438,0.1297,0.6738,0.0764,0.1743,0.5146,114.02,232959,47
TRK000077,Track_0077,Artist_116,electronic,3,1,0.6603,0.5237,-16.197,0.0358,0.7068,0.1422,0.1754,0.5646,131.67,290047,61
TRK000078,Track_0078,Artist_080,hip-hop,2,0,0.434,0.3662,-16.035,0.2468,0.3405,0.0623,0.2111,0.3354,118.12,126526,42
TRK000079,Track_0079,Artist_198,electronic,6,0,0.5714,0.6885,-8.816,0.2107,0.1261,0.0819,0.2981,0.2168,125.53,196472,46
TRK000080,Track_0080,Artist_234,rock,7,1,0.5247,0.5157,-16.768,0.1044,0.1856,0.0596,0.131,0.6473,101.82,196584,38
TRK000081,Track_0081,Artist_329,rock,10,1,0.7619,0.6286,-11.74,0.1748,0.3558,0.1731,0.1962,0.4776,93.23,125022,43
TRK000082,Track_0082,Artist_153,rnb,4,0,0.7566,0.426,-14.791,0.4306,0.5771,0.1612,0.2618,0.4011,96.56,217465,57
TRK000083,Track_0083,Artist_057,latin,2,1,0.3647,0.2451,-19.392,0.0524,0.7577,0.0424,0.0703,0.2353,133.66,193272,29
TRK000084,Track_0084,Artist_291,country,11,1,0.6948,0.6398,-10.65,0.202,0.0,0.236,0.2458,0.5451,120.8,120048,55
TRK000085,Track_0085,Artist_220,metal,8,1,0.6727,0.5859,-8.516,0.0672,0.1572,0.0072,0.1917,0.5359,108.18,175518,56
TRK000086,Track_0086,Artist_245,classical,9,0,0.3179,0.5619,-6.916,0.0194,0.4849,0.1467,0.531,0.5632,140.57,272387,32
TRK000087,Track_0087,Artist_034,classical,5,1,0.7124,0.7377,-8.46,0.0843,0.3743,0.089,0.1569,0.8392,162.82,250892,50
TRK000088,Track_0088,Artist_110,classical,5,1,0.83,0.6838,-11.864,0.0739,0.0,0.1865,0.0522,0.6162,108.15,177972,60
TRK000089,Track_0089,Artist_268,hip-hop,4,1,0.8223,0.2593,-18.811,0.293,0.5101,0.1571,0.1086,0.4031,91.65,176660,53
TRK000090,Track_0090,Artist_291,hip-hop,8,0,0.6957,0.4065,-14.629,0.1042,0.7775,0.0511,0.0596,0.4822,148.46,248738,52
TRK000091,Track_0091,Artist_152,rock,2,1,0.4383,0.3939,-15.452,0.1376,0.3857,0.0817,0.1469,0.2242,122.43,121549,41
TRK000092,Track_0092,Artist_281,jazz,11,0,0.6832,0.2537,,0.13,0.7436,0.0789,0.2316,0.4411,116.87,236711,51
TRK000093,Track_0093,Artist_294,rock,2,1,0.6827,0.4748,-8.688,0.1381,0.2877,0.0117,0.2744,0.3531,150.5,127571,46
TRK000094,Track_0094,Artist_136,rock,5,0,0.6934,0.7083,-12.186,0.2693,0.4414,0.0148,0.1165,0.9928,114.65,283889,53
TRK000095,Track_0095,Artist_314,electronic,3,0,-0.32154241262116523,0.2653,-19.278,0.0507,0.3716,0.0133,0.442,0.5554,133.12,239626,55
TRK000096,Track_0096,Artist_101,hip-hop,7,0,0.6231,0.9124,-0.536,0.2366,0.0328,0.0923,0.2049,0.5529,126.49,127017,55
TRK000097,Track_0097,Artist_084,pop,8,0,0.7628,0.3634,-17.153,0.2255,0.8058,0.1186,0.022,0.6475,212.85,192877,59
TRK000098,Track_0098,Artist_239,country,11,0,0.5969,0.6017,-9.026,0.2541,0.5081,0.0814,0.155,0.3074,118.24,224278,45
TRK000099,Track_0099,Artist_223,rnb,9,0,0.6667,0.4105,-13.582,0.246,0.506,0.2496,0.0755,0.3656,148.23,120589,38
TRK000100,Track_0100,Artist_049,pop,2,1,0.7106,0.6493,-6.994,0.0401,0.2249,0.2034,0.2278,0.6733,114.98,208040,57
TRK000101,Track_0101,Artist_291,pop,2,0,0.6071,0.4733,-9.379,0.2079,0.4848,0.2264,0.3904,0.5132,134.6,231672,50
TRK000102,Track_0102,Artist_070,rock,10,1,0.7921,0.4347,-13.704,0.2405,0.3332,0.0383,0.1557,0.7474,116.51,116916,59
TRK000103,Track_0103,Artist_281,country,5,0,0.6638,0.4332,-18.311,0.1846,0.5488,0.3675,0.1298,0.009,144.27,243575,29
TRK000104,Track_0104,Artist_003,country,1,1,0.6571,0.4946,-14.66,0.0274,0.4905,0.2012,0.4503,0.6661,119.32,204387,41
TRK000105,Track_0105,Artist_279,pop,9,0,0.4597,0.5037,-8.109,0.0589,0.421,0.031,0.2577,0.3354,136.1,251256,47
TRK000106,Track_0106,Artist_275,country,7,1,0.4087,0.7711,-10.146,0.0941,0.4089,0.0355,0.1669,0.2932,100.83,199448,50
TRK000107,Track_0107,Artist_273,pop,0,0,0.7517,0.5752,-10.253,0.4017,0.2321,0.26,0.2983,0.2794,99.69,162431,62
TRK000108,Track_0108,Artist_233,hip-hop,9,0,0.858,0.6406,-15.439,0.3043,0.0526,0.0155,0.1989,0.5603,69.3,158037,65
TRK000109,Track_0109,Artist_165,metal,7,1,0.689,0.7713,-10.005,0.2236,0.1342,0.1843,0.2199,0.9162,132.24,195955,63
TRK000110,Track_0110,Artist_247,pop,7,1,0.9165,0.7655,-5.207,1.00058560851063,0.2568,0.1272,0.4223,0.9048,103.83,201506,82
TRK000111,Track_0111,Artist_097,pop,10,0,0.7851,0.4256,-14.558,0.2598,0.5552,0.1841,0.2401,0.8464,183.47,257882,62
TRK000112,Track_0112,Artist_273,hip-hop,5,1,0.3853,0.5362,-13.032,0.2536,0.4366,0.1811,0.4663,0.3906,108.78,197431,39
TRK000113,Track_0113,Artist_194,electronic,5,0,0.6377,0.3087,-19.0,-0.5141767826243904,0.4886,0.005,0.2171,0.4642,156.9,139785,48
TRK000114,Track_0114,Artist_161,latin,7,0,0.522,0.8275,-10.187,0.3639,0.0,0.2458,0.4485,0.2903,154.04,189397,34
TRK000115,Track_0115,Artist_177,metal,2,0,0.6726,0.3366,-15.07,0.2494,0.5755,0.126,0.0616,0.1862,115.11,141411,44
TRK000116,Track_0116,Artist_199,pop,1,1,0.6392,0.8767,22.17652460155433,0.2711,0.0212,0.2577,0.2042,0.6181,101.37,225747,58
TRK000117,Track_0117,Artist_014,pop,10,0,0.7948,0.5555,-15.128,0.1394,0.6422,0.0146,0.0784,0.3544,118.23,236094,60
TRK000118,Track_0118,Artist_049,country,2,0,0.7599,0.8081,-6.156,0.4581,0.2395,0.0722,0.0843,0.5205,153.78,243763,55
TRK000119,Track_0119,Artist_086,rock,6,0,0.4941,0.5762,-10.045,0.9746055788132595,0.328,0.0439,0.3017,0.4818,185.99,196386,42
TRK000120,Track_0120,Artist_040,rnb,3,1,0.6493,0.4374,-14.818,0.1092,0.7597,0.361,0.2281,0.7243,87.42,178507,51
TRK000121,Track_0121,Artist_154,jazz,2,0,0.6959,0.6235,-10.029,0.0258,0.4569,0.2688,0.123,0.5831,122.4,187017,48
TRK000122,Track_0122,Artist_234,pop,7,1,0.6033,0.7034,-8.442,0.2485,0.0523,0.0413,0.3035,0.3228,105.07,205890,51
TRK000123,Track_0123,Artist_229,country,9,1,0.7514,0.4584,-15.469,0.2291,0.0,0.1354,0.0754,0.2206,111.87,187087,35
TRK000124,Track_0124,Artist_165,pop,5,1,0.4381,-0.7807500476424719,-4.633,0.0656,0.0,0.0105,0.4617,0.575,169.79,282432,63
TRK000125,Track_0125,Artist_299,hip-hop,1,1,0.464,0.7205,-6.531,0.0436,0.3865,0.0375,0.1278,0.3978,100.45,193527,42
TRK000126,Track_0126,Artist_198,electronic,2,0,0.5025,0.8026,-4.066,0.1533,0.3578,0.2579,0.3558,0.578,76.99,205396,70
TRK000127,Track_0127,Artist_028,hip-hop,1,0,0.7711,0.8047,-4.557,0.1146,0.0,0.0068,0.085,0.6419,127.66,176187,76
TRK000128,Track_0128,Artist_267,jazz,10,1,,0.8291,-7.245,0.1604,0.2894,0.1174,0.2598,0.6929,132.63,177203,44
TRK000129,Track_0129,Artist_201,jazz,3,0,0.5193,0.4021,-13.754,0.2779,0.7096,0.0997,0.3476,0.6407,110.21,152713,49
TRK000130,Track_0130,Artist_222,metal,4,0,0.6028,0.33,-15.716,0.0271,0.9211,0.3522,0.1269,0.6264,102.92,163716,52
TRK000131,Track_0131,Artist_198,metal,0,0,0.4513,0.7522,-9.014,0.0176,0.4189,0.0998,0.2746,0.5827,126.49,294247,43
TRK000132,Track_0132,Artist_194,hip-hop,5,1,0.4337,0.4872,-14.302,0.1359,0.7561,0.4916,0.1113,0.2545,84.2,234473,45
TRK000133,Track_0133,Artist_032,pop,10,1,0.6152,0.3386,-15.055,0.094,0.7493,0.053,0.2823,0.3461,133.81,194750,49
TRK000134,Track_0134,Artist_196,classical,4,0,0.7767,0.6107,-7.535,0.2257,0.4711,0.047,0.0629,0.7506,112.26,180454,61
TRK000135,Track_0135,Artist_278,metal,7,1,,0.4589,-17.89,0.0618,0.4804,0.0559,0.2685,0.7532,160.84,265588,46
TRK000136,Track_0136,Artist_107,rock,2,1,0.4773,0.4678,-10.099,0.1902,0.6798,0.0314,0.3297,0.1993,130.92,172394,49
TRK000137,Track_0137,Artist_211,hip-hop,1,1,0.5167,2.0160072835616347,-13.326,0.1888,0.3914,0.1335,0.1635,0.6865,117.7,133355,49
TRK000138,Track_0138,Artist_011,hip-hop,8,1,0.4168,0.6153,-10.025,0.2614,0.3597,0.2136,0.2182,0.3126,115.57,231383,45
TRK000139,,Artist_122,pop,0,1,0.6266,0.8968,-4.799,0.292,0.2003,0.0253,0.1752,0.7662,67.86,168296,73
TRK000140,Track_0140,Artist_153,jazz,5,0,0.6165,0.5963,-10.023,0.0745,0.6572,,0.1814,1.0,118.52,152243,61
TRK000141,Track_0141,Artist_343,rock,3,1,0.6702,0.6673,-10.73,0.1596,0.2467,0.0274,0.113,0.299,116.31,160841,28
TRK000142,Track_0142,Artist_075,country,0,0,0.5598,0.4967,-13.463,0.0669,0.6773,0.0717,0.3395,0.5667,123.44,228675,20
TRK000143,Track_0143,Artist_097,country,6,0,0.2696,0.6995,-11.857,0.142,0.265,0.0831,0.2833,0.3596,116.67,205309,44
TRK000144,Track_0144,Artist_143,country,11,1,0.3884,0.1826,-23.813,0.1132,0.995,0.0642,0.4514,0.3692,161.99,165699,28
TRK000145,Track_0145,Artist_347,hip-hop,0,1,0.8365,0.4106,-9.836,0.2211,0.4452,0.1855,0.13,0.4587,114.47,231129,43
TRK000146,Track_0146,Artist_298,rock,9,0,0.6252,0.7283,-7.839,0.5576,0.4024,0.089,0.309,0.14,98.37,172761,43
TRK000147,Track_0147,Artist_013,classical,6,1,0.6655,0.8145,-5.634,0.0308,0.1684,0.1353,0.212,0.4989,75.39,136396,79
TRK000148,Track_0148,Artist_082,country,8,0,0.6664,0.59,-11.087,0.2967,0.1966,0.0743,0.2775,0.6189,109.51,151146,39
TRK000149,Track_0149,Artist_287,hip-hop,1,0,0.5354,0.4263,-16.442,0.1575,0.5461,0.0573,0.586,0.683,92.68,210989,60
TRK000150,Track_0150,Artist_021,rnb,10,0,0.7819,0.5515,-12.543,0.2199,0.6864,0.0293,0.3783,0.6679,85.66,174739,50
TRK000151,Track_0151,Artist_299,pop,0,1,0.6363,0.3433,-16.247,0.0835,0.4733,0.2078,0.0779,0.7216,113.27,214736,41
TRK000152,Track_0152,,rnb,10,0,0.5274,0.8752,-5.179,0.0261,0.0,0.0359,0.0306,0.5048,153.87,260057,49
TRK000153,Track_0153,Artist_321,pop,7,0,0.8817,0.4908,-14.858,0.0889,0.581,,0.2435,0.515,148.18,181649,49
TRK000154,Track_0154,Artist_103,pop,4,1,0.6386,0.5402,-11.062,0.0793,0.1578,0.703,0.1763,0.5882,86.1,329983,37
TRK000155,Track_0155,Artist_152,electronic,0,0,0.7849,0.6628,-9.003,0.3705,0.6186,0.1152,0.0873,0.5677,123.03,222430,52
TRK000156,Track_0156,,pop,7,1,0.7677,0.537,-11.322,0.2086,0.7399,0.4034,0.4016,0.7855,133.85,202066,50
TRK000157,Track_0157,Artist_045,pop,1,0,0.4904,0.3767,-14.162,0.1391,0.8102,0.0569,0.2481,0.1495,138.37,149938,45
TRK000158,Track_0158,Artist_195,pop,7,0,0.5521,0.6669,-9.703,0.162,0.331,0.0124,0.1567,0.6871,166.9,194316,61
TRK000159,Track_0159,Artist_177,hip-hop,9,1,0.8669,0.506,-13.24,0.3914,0.7936,0.1003,0.1456,0.8346,89.25,198815,56
TRK000160,Track_0160,Artist_274,country,3,0,0.5792,0.8231,-2.629,0.196,0.419,0.1312,0.1139,0.6644,97.2,244188,59
TRK000161,Track_0161,Artist_348,pop,2,0,0.6282,0.5678,-13.585,0.247,0.3363,0.2055,0.2332,0.6957,103.45,183190,52
TRK000162,Track_0162,Artist_232,jazz,2,0,0.5649,0.6909,-12.921,0.3493,0.5681,0.0654,0.2192,0.4292,132.26,229457,47
TRK000163,Track_0163,Artist_143,country,2,0,0.7122,0.5349,-11.011,,0.301,0.03,0.3577,0.408,55.0,211890,29
TRK000164,Track_0164,Artist_142,pop,1,0,0.5581,0.5021,-14.339,0.1447,0.4625,0.066,0.2617,0.5403,115.6,253864,55
TRK000165,Track_0165,Artist_146,pop,2,0,0.79,0.6721,-11.585,0.0361,0.0051,0.1639,0.3801,0.5107,72.09,257412,82
TRK000166,Track_0166,Artist_285,rnb,7,1,0.6748,,-11.216,0.0812,0.5337,0.384,0.2298,0.5802,121.93,225011,55
TRK000167,Track_0167,Artist_113,country,3,0,0.704,0.715,-8.588,0.0526,0.232,0.1667,0.2386,0.6713,179.96,244424,52
TRK000168,Track_0168,Artist_059,electronic,9,0,0.7434,0.5166,-15.415,0.1475,0.402,0.0784,0.1809,0.5532,147.23,260560,45
TRK000169,Track_0169,Artist_117,country,9,0,0.6342,0.5613,-7.395,0.2907,0.4089,0.0681,0.1213,0.5826,87.67,234179,64
TRK000170,Track_0170,Artist_008,pop,9,1,0.5821,0.5299,,0.1064,0.3658,0.0189,0.0759,0.6116,110.28,222500,56
TRK000171,Track_0171,Artist_038,hip-hop,6,1,0.3588,0.5964,-11.069,0.0742,0.4111,0.0846,0.2516,0.4022,97.09,228414,42
TRK000172,Track_0172,Artist_032,classical,3,1,0.7816,0.6475,-13.91,0.1882,0.5835,0.1245,0.2883,0.5425,158.25,282525,47
TRK000173,Track_0173,Artist_270,rock,11,0,0.7687,0.7239,-7.478,0.1723,0.085,0.0195,0.3807,0.7974,60.35,215068,77
TRK000174,Track_0174,Artist_253,classical,2,1,0.8898,0.3867,18.499908952650458,0.0984,0.7686,0.0715,0.2256,0.6349,109.7,242802,51
TRK000175,Track_0175,Artist_244,hip-hop,5,0,0.6903,0.2978,-15.647,0.357,0.741,0.0589,0.3012,0.546,102.5,179566,56
TRK000176,Track_0176,Artist_162,classical,5,1,0.4779,0.7084,-8.454,0.3302,0.359,0.1186,0.3196,0.6179,89.15,277540,46
TRK000177,Track_0177,Artist_251,hip-hop,8,0,0.824,0.3902,-12.444,0.1542,0.6043,0.1488,0.1721,0.5841,168.44,230228,55
TRK000178,Track_0178,Artist_057,hip-hop,6,0,0.5995,,-7.996,0.1635,0.1004,0.048,0.36,0.5275,78.15,194459,55
TRK000179,Track_0179,Artist_315,pop,9,1,0.5165,0.3617,-19.573,0.1429,0.7184,0.1288,0.1381,0.298,88.56,206846,60
TRK000180,Track_0180,Artist_175,pop,11,0,0.7075,0.6416,-9.362,0.1623,0.4518,0.1377,0.1204,0.577,166.67,200172,61
TRK000181,Track_0181,Artist_328,classical,4,0,,0.5945,-11.476,0.1522,0.2614,0.0171,0.2661,0.5475,119.21,210223,33
TRK000182,Track_0182,Artist_054,pop,10,0,0.7096,0.8686,-8.893,0.0528,0.0,0.3094,0.2946,0.7684,117.09,219439,69
TRK000183,Track_0183,Artist_174,pop,2,1,0.5795,0.6047,-13.018,0.1383,0.4106,0.1679,0.1678,0.5483,104.49,201145,55
TRK000184,Track_0184,Artist_244,pop,10,1,0.8036,0.4139,-16.515,0.2424,0.7219,0.0537,0.078,0.6199,121.94,138538,63
TRK000185,Track_0185,Artist_173,pop,2,1,0.7238,0.7601,-3.855,0.0635,0.4208,0.186,0.0656,0.4429,109.98,289848,58
TRK000186,Track_0186,Artist_156,country,10,1,0.337,0.6256,-8.68,0.0264,0.591,0.2666,0.3026,0.337,101.43,221983,34
TRK000187,Track_0187,Artist_059,hip-hop,4,0,0.7621,0.7029,-9.301,0.1461,0.3639,0.2801,0.133,0.7597,82.76,222205,69
TRK000188,Track_0188,Artist_133,metal,11,0,0.5488,0.6067,-9.618,0.0256,0.346,0.023,0.1838,0.3593,123.13,207838,62
TRK000189,Track_0189,Artist_084,pop,1,0,0.9188,0.8038,-10.804,0.2012,0.1958,0.2063,0.5292,0.7702,105.28,250862,53
TRK000190,Track_0190,Artist_106,jazz,5,0,0.248,0.6569,-10.792,0.1534,0.1194,0.0689,0.0676,0.4008,108.86,212169,41
TRK000191,Track_0191,Artist_239,hip-hop,10,0,0.6328,0.4848,-12.452,0.1529,0.3923,0.2042,0.1358,0.484,140.47,196007,47
TRK000192,Track_0192,Artist_220,hip-hop,0,0,0.4916,1.5717372253399469,-5.787,0.1411,0.1791,0.1875,0.4169,0.6774,107.84,198884,49
TRK000193,Track_0193,Artist_212,rnb,3,0,0.8958,0.6488,-10.914,0.012,0.3032,0.0036,0.1728,0.7211,118.92,266308,42
TRK000194,Track_0194,Artist_127,metal,1,1,0.3732,0.6141,-10.574,0.1517,0.4025,0.2453,0.1065,0.2173,168.86,219107,41
TRK000195,Track_0195,Artist_335,rnb,3,0,0.7782,0.4847,-12.592,0.0549,0.2678,0.0695,0.4386,0.6628,132.74,208419,50
TRK000196,Track_0196,Artist_031,pop,4,1,0.3732,0.3276,-16.814,0.1649,0.4652,0.3347,0.2748,0.2413,106.89,190404,36
TRK000197,Track_0197,Artist_120,rock,7,0,0.7102,0.4745,-11.667,0.1623,0.6651,0.1325,0.2191,0.2902,91.28,195576,56
TRK000198,Track_0198,Artist_042,jazz,3,1,0.6905,0.4225,-14.004,0.1235,0.4275,0.0412,0.1178,0.6422,118.29,258628,45
TRK000199,Track_0199,Artist_119,rock,1,1,0.6468,0.5418,-10.956,0.121,0.3365,0.0428,0.4824,0.3172,144.06,168765,42
TRK000200,Track_0200,Artist_336,classical,2,1,0.6858,0.6125,-6.755,0.2071,0.4046,0.032,0.2253,0.5092,105.48,240136,38
TRK000201,Track_0201,Artist_128,electronic,11,0,0.3875,0.7911,-4.776,0.3004,0.0413,0.2827,0.2076,0.5541,120.79,241797,42
TRK000202,Track_0202,Artist_318,electronic,11,0,0.633,0.787,-2.855,0.2241,0.4121,0.2142,0.181,0.5971,104.76,219703,70
TRK000203,Track_0203,Artist_173,country,2,1,0.3194,0.4624,-15.306,0.19,0.3114,0.0385,0.118,0.2432,110.58,201454,42
TRK000204,Track_0204,Artist_245,jazz,2,1,0.4705,0.3428,-19.961,0.0373,0.6574,0.1016,0.1847,0.2028,86.23,143308,48
TRK000205,Track_0205,Artist_160,pop,0,0,0.5135,0.7413,-8.0,0.1152,0.124,0.0232,0.2394,0.4037,127.89,239886,49
TRK000206,Track_0206,Artist_093,pop,11,1,0.7451,0.5794,-11.748,0.2407,0.4487,0.0174,0.1888,0.3942,124.34,138222,62
TRK000207,Track_0207,Artist_267,,8,0,0.5204,0.2101,-16.168,0.0685,0.7004,0.0958,0.2841,0.335,161.59,217507,51
TRK000208,Track_0208,Artist_339,hip-hop,9,0,0.3766,0.4943,-15.611,0.1132,0.5014,0.1168,0.1533,0.2943,123.21,212344,50
TRK000209,Track_0209,Artist_092,rock,3,0,0.5367,0.8965,-4.451,0.3271,0.3233,0.0822,0.4231,0.3571,100.22,244561,65
TRK000210,Track_0210,Artist_272,hip-hop,7,1,0.8625,0.5187,-11.698,0.1509,0.3576,0.0394,0.3036,0.5676,160.83,169692,64
TRK000211,Track_0211,Artist_092,classical,0,1,0.4951,0.6955,-8.478,0.3878,0.1792,0.0978,0.1973,0.4004,130.37,167467,46
TRK000212,Track_0212,Artist_251,country,8,0,0.65,0.1572,-20.92,0.419,0.786,0.1389,0.4339,0.4458,125.46,234056,18
TRK000213,Track_0213,Artist_276,electronic,6,1,0.8718,0.5336,-11.472,0.2476,,0.0165,0.1184,0.6943,119.76,202313,64
TRK000214,Track_0214,Artist_157,hip-hop,3,1,0.9421,0.2213,-16.757,0.0635,0.7625,0.0712,0.2257,0.793,124.38,119230,64
TRK000215,Track_0215,Artist_258,rock,8,0,0.7939,0.6301,-6.759,0.3342,0.5921,0.0847,0.2939,0.7444,95.91,209720,66
TRK000216,Track_0216,Artist_096,,7,1,0.8927,0.8557,-5.103,0.0465,0.1125,0.1296,0.2281,0.5553,117.72,291348,57
TRK000217,Track_0217,Artist_028,rock,5,1,0.6358,0.7269,-9.802,0.4061,0.4872,0.004,0.432,0.1994,113.86,234687,48
TRK000218,Track_0218,Artist_034,electronic,2,1,0.8988,0.5349,-8.856,0.2588,0.5384,0.0263,0.0508,0.3683,129.99,156648,43
TRK000219,Track_0219,Artist_157,jazz,0,0,0.4923,0.3405,-18.879,0.2619,0.7593,0.1904,0.2845,0.3003,151.27,231135,22
TRK000220,Track_0220,Artist_316,pop,11,1,0.8355,0.3407,-12.565,0.1088,0.4009,0.0276,0.3047,0.2558,147.05,254225,59
TRK000221,,Artist_045,pop,3,0,0.487,0.6862,-5.946,0.1096,0.0286,0.0085,0.2741,0.3984,134.32,132373,67
TRK000222,Track_0222,Artist_160,pop,3,0,0.8696,0.7759,-3.654,0.1754,0.4167,0.1785,0.3725,0.7187,71.75,197064,79
TRK000223,Track_0223,Artist_246,rnb,8,1,0.6701,0.7746,-5.452,0.0878,0.4158,0.0914,0.1565,0.5213,107.83,268479,60
TRK000224,Track_0224,Artist_071,jazz,3,1,0.4629,0.3668,-20.577,0.175,1.0,0.1364,0.1015,0.4369,68.99,141410,57
TRK000225,,Artist_252,pop,4,1,0.3278,0.8219,-8.203,0.2165,0.0,0.1106,0.3199,0.3757,150.31,197402,50
TRK000226,Track_0226,Artist_107,rnb,8,1,0.4755,0.5342,-11.572,0.462,0.5532,0.154,0.2767,0.3138,116.63,200317,52
TRK000227,Track_0227,Artist_283,hip-hop,7,1,0.7786,0.5759,-12.817,0.2614,0.2398,0.2795,0.2798,0.9094,115.89,191300,49
TRK000228,Track_0228,Artist_203,hip-hop,7,1,0.5553,0.5817,-11.895,0.1843,0.2849,0.0527,0.1172,0.4976,100.81,271913,25
TRK000229,Track_0229,Artist_191,latin,0,0,0.3968,0.5361,-10.857,0.0968,0.3735,0.0401,0.2528,0.4364,155.4,265002,37
TRK000230,Track_0230,Artist_062,pop,5,1,0.7364,0.4335,-14.837,0.3356,0.6353,0.089,0.304,0.6851,122.86,196389,58
TRK000231,Track_0231,Artist_162,pop,5,0,0.8785,0.4994,-15.695,0.1505,,0.1044,0.315,0.778,116.81,164229,66
TRK000232,Track_0232,Artist_299,electronic,7,0,0.4831,0.7695,-5.123,0.3507,0.2366,0.2526,0.1392,0.4708,123.52,267283,50
TRK000233,Track_0233,Artist_007,pop,1,1,0.7441,0.357,-15.013,0.2149,0.7928,0.2096,0.7071,0.6981,125.67,244871,60
TRK000234,Track_0234,Artist_265,jazz,1,1,0.3335,0.6492,-10.266,0.0964,0.5539,0.2137,0.2475,0.3465,116.24,209243,55
TRK000235,Track_0235,Artist_172,pop,9,0,0.5927,0.6578,-7.963,0.0798,0.4668,0.0978,0.1895,0.7299,155.37,239470,67
TRK000236,Track_0236,Artist_252,pop,8,1,0.6049,0.8527,-5.032,0.3002,0.2287,0.1612,0.3571,0.3986,155.08,239138,53
TRK000237,Track_0237,Artist_232,pop,9,1,0.5717,0.5657,-8.626,0.107,0.4088,0.2447,0.0392,0.45,122.64,170645,31
TRK000238,Track_0238,Artist_151,hip-hop,3,0,0.2661,0.3379,-16.233,0.185,0.5597,0.0837,0.179,0.3281,98.24,183270,31
TRK000239,Track_0239,Artist_108,pop,11,1,0.7583,0.1944,-16.81,0.0564,0.9026,0.0984,0.1975,0.5242,129.17,210253,65
TRK000240,Track_0240,Artist_219,pop,3,0,0.6816,0.7546,-11.521,0.2235,0.0562,0.0598,0.2333,0.469,103.35,122999,57
TRK000241,Track_0241,Artist_049,rnb,7,1,0.7275,0.6285,,0.1003,0.3929,0.0534,0.1294,0.3006,159.97,194579,58
TRK000242,Track_0242,Artist_204,rock,1,1,0.5705,0.4966,-13.95,0.1426,0.3098,0.0905,0.1403,0.5634,164.0,174344,52
TRK000243,Track_0243,Artist_034,hip-hop,11,1,0.651,0.3588,-17.997,0.1829,0.6338,0.0085,0.161,0.4313,140.2,217713,51
TRK000244,Track_0244,Artist_227,pop,3,1,0.5623,0.7958,-3.943,0.3201,0.0145,0.139,0.174,0.5112,87.53,159323,58
TRK000245,Track_0245,Artist_220,rock,9,1,0.8039,0.3294,-14.797,0.0992,0.5985,0.0258,0.2622,0.8249,106.99,229322,46
TRK000246,Track_0246,Artist_030,rock,3,1,0.5682,0.5772,-15.715,0.0769,0.3011,0.1222,0.1533,0.455,114.42,220013,66
TRK000247,Track_0247,Artist_265,electronic,9,0,0.856,0.5183,-11.022,0.1503,0.3383,0.041,0.2443,0.5236,96.5,205417,49
TRK000248,Track_0248,Artist_146,pop,5,0,0.6753,0.7671,-5.817,0.0808,0.2172,0.1805,0.1511,0.2983,111.56,231113,68
TRK000249,Track_0249,Artist_275,rnb,0,0,0.5384,0.9368,-4.981,0.2798,0.0,0.263,0.5159,0.4253,126.56,236655,61
TRK000250,Track_0250,Artist_015,latin,2,1,0.6304,0.3274,-18.634,0.0358,0.3481,0.0086,0.1521,0.6059,134.81,199294,51
TRK000251,Track_0251,Artist_063,pop,8,1,0.5558,0.6908,-12.303,0.1726,0.4539,,0.172,0.4113,156.11,211593,54
TRK000252,Track_0252,Artist_173,pop,2,0,0.6171,0.5678,-12.251,0.182,0.4588,0.072,0.1358,0.6395,119.45,179460,45
TRK000253,Track_0253,Artist_066,pop,3,0,0.5228,0.5531,-12.223,0.1851,,0.0515,0.0565,0.2462,111.66,178935,41
TRK000254,Track_0254,Artist_116,electronic,6,1,0.555,0.634,-8.298,0.145,0.5413,0.0194,0.0551,0.3652,84.0,281124,44
TRK000255,Track_0255,Artist_231,pop,3,1,0.712,0.472,-13.023,0.0774,0.4129,0.1087,0.1051,0.3745,129.8,200897,58
TRK000256,Track_0256,Artist_051,rnb,1,0,0.6366,0.6793,-11.388,0.0996,0.2164,0.1504,0.2747,0.66,107.4,209472,62
TRK000257,Track_0257,Artist_237,classical,7,1,0.6647,0.4722,-13.087,0.0486,0.3868,0.092,0.0568,0.4762,114.24,206525,49
TRK000258,Track_0258,Artist_037,country,8,1,0.7744,0.6418,-10.439,0.1515,0.7014,0.2592,0.0779,0.4232,104.25,226718,52
TRK000259,Track_0259,Artist_062,electronic,8,1,0.5038,0.7621,-9.291,0.0899,0.2802,0.3412,0.2746,0.672,105.04,185521,63
TRK000260,Track_0260,Artist_206,metal,11,1,0.6242,0.5535,-15.319,,0.4817,0.1612,0.1792,0.6136,140.2,189849,29
TRK000261,Track_0261,Artist_277,pop,1,1,0.5798,0.7175,-6.841,0.1056,0.3665,0.2044,0.3249,0.6233,118.51,252165,39
TRK000262,Track_0262,Artist_060,hip-hop,5,1,0.294,0.4844,-12.361,0.0978,0.1821,0.257,0.3155,0.405,163.84,143070,29
TRK000263,Track_0263,Artist_105,rock,2,1,0.4938,0.6989,-7.4,0.2178,0.1942,0.1076,0.3376,0.3631,88.8,218411,54
TRK000264,Track_0264,Artist_323,latin,10,1,0.6257,0.6275,-11.797,0.0458,0.4544,0.1187,0.1114,0.7778,155.12,173058,34
TRK000265,Track_0265,Artist_346,electronic,6,0,0.8343,0.3883,-15.082,0.1903,0.611,0.1081,0.1084,0.5431,106.3,119593,54
TRK000266,Track_0266,Artist_203,country,1,0,0.4608,0.7032,-11.555,0.2807,0.6937,0.0312,0.0713,0.5517,118.56,206346,40
TRK000267,Track_0267,Artist_157,pop,8,0,0.3051,0.7284,-10.146,0.0557,0.1753,0.2852,0.2597,0.5112,133.96,158049,52
TRK000268,Track_0268,Artist_122,metal,0,1,0.6462,0.3375,-16.5,0.1016,0.8322,0.2228,0.176,0.2888,148.86,149999,39
TRK000269,Track_0269,Artist_214,hip-hop,3,0,0.9162,0.4051,-14.51,0.1349,0.74,0.0255,0.1127,0.9454,149.96,326810,66
TRK000270,Track_0270,Artist_207,hip-hop,8,1,0.7465,0.5271,-15.988,0.5409,0.4986,0.2389,0.1226,0.5655,149.42,234393,52
TRK000271,Track_0271,Artist_103,metal,6,0,-0.41960536071819476,0.4885,-15.58,0.0246,0.5699,0.0328,0.235,0.459,114.3,235497,50
TRK000272,Track_0272,Artist_008,hip-hop,9,0,0.558,0.7058,-9.276,0.0234,0.242,0.0536,0.431,0.4739,170.88,207603,69
TRK000273,Track_0273,Artist_053,hip-hop,6,0,0.523,0.4933,-11.039,0.3279,0.1515,0.0707,0.1999,0.665,137.35,156263,65
TRK000274,Track_0274,Artist_335,electronic,10,1,0.7069,0.5143,-14.475,0.1624,0.5486,0.0323,0.301,0.7627,55.0,202552,54
TRK000275,Track_0275,Artist_146,pop,6,0,0.7961,0.433,-14.165,0.0563,0.6441,0.2636,0.1835,0.5883,121.79,194015,49
TRK000276,Track_0276,Artist_169,rock,0,1,0.6879,0.4397,-13.787,0.0999,0.6657,0.1445,0.4164,0.2496,110.2,123407,45
TRK000277,Track_0277,Artist_164,pop,0,1,0.9294,0.3177,-17.561,0.2631,0.6937,0.0166,0.5089,0.5498,112.1,290608,78
TRK000278,Track_0278,Artist_274,pop,9,1,0.5927,1.715201082510057,-12.823,0.0507,0.6934,0.1813,0.2642,0.4735,138.7,205976,53
TRK000279,Track_0279,Artist_023,rnb,0,0,0.7907,0.4855,-16.279,,0.3587,0.0992,0.1791,0.4944,129.47,172524,60
TRK000280,Track_0280,Artist_029,electronic,4,1,0.6317,0.5467,-13.416,0.089,0.7176,0.1416,0.2519,0.3486,101.94,215542,57
TRK000281,Track_0281,Artist_097,rock,0,1,0.5436,0.6283,-7.021,0.0609,0.1938,0.3296,0.3865,0.2348,162.96,147961,48
TRK000282,Track_0282,Artist_170,hip-hop,3,0,0.543,0.091,-18.687,0.0766,0.8896,0.1213,0.1364,0.591,84.9,167796,56
TRK000283,Track_0283,Artist_235,hip-hop,7,0,0.3207,0.8377,-3.716,0.2084,0.2849,0.1076,0.1762,0.621,83.01,279140,42
TRK000284,Track_0284,Artist_172,electronic,2,1,0.3913,0.9062,,0.1175,0.0011,0.2515,0.2896,0.5494,90.47,186612,44
TRK000285,Track_0285,Artist_154,latin,5,1,0.7456,0.8751,-8.764,0.2288,0.2597,0.3058,0.2757,0.5748,133.32,209183,55
TRK000286,Track_0286,Artist_328,latin,11,0,0.8095,0.5729,-13.484,0.257,0.3654,0.0467,0.3746,0.6796,131.17,214657,65
TRK000287,Track_0287,Artist_057,hip-hop,0,0,0.5295,0.3477,-17.034,0.1822,0.6735,0.0075,0.3736,0.4467,98.13,202166,60
TRK000288,Track_0288,Artist_200,rock,0,0,0.4857,0.3641,-10.676,0.1779,0.6033,0.071,0.3642,0.3238,104.21,185759,38
TRK000289,Track_0289,Artist_190,hip-hop,3,1,0.6475,0.5986,-11.52,0.1811,0.2976,0.1472,0.604,0.621,120.77,312109,66
TRK000290,Track_0290,Artist_166,electronic,9,0,0.2842,0.6733,-7.55,0.0862,0.7319,0.1026,0.2293,0.5057,90.96,176654,43
TRK000291,Track_0291,Artist_282,hip-hop,4,0,,0.5035,-12.091,0.3911,0.3454,0.2481,0.0464,0.5115,143.24,169774,39
TRK000292,Track_0292,Artist_094,jazz,7,0,0.6155,0.5197,-11.783,0.174,0.0688,0.0094,0.0482,0.349,164.74,232078,34
TRK000293,Track_0293,Artist_333,electronic,0,0,0.7389,0.4899,-13.274,0.1673,0.3654,0.0414,0.5472,0.6316,115.91,152179,54
TRK000294,Track_0294,Artist_116,,8,0,0.5391,0.5646,-14.219,0.1108,0.459,0.0543,0.219,0.7021,130.59,255955,45
TRK000295,Track_0295,Artist_191,rock,0,0,0.6099,0.6496,-15.652,0.3462,0.2826,0.1216,0.1975,0.6052,123.92,200951,59
TRK000296,Track_0296,Artist_182,hip-hop,8,1,0.5534,0.3798,-12.824,0.1234,0.8035,0.0256,0.4676,0.8295,159.17,215806,59
TRK000297,Track_0297,Artist_297,pop,1,1,0.4338,0.6538,-10.974,0.2535,0.523,0.0793,0.2298,0.4415,175.23,223298,54
TRK000298,Track_0298,Artist_154,pop,10,0,0.8387,0.7408,-11.81,0.2255,0.2019,0.1281,0.1533,0.3775,110.87,194720,63
TRK000299,Track_0299,Artist_100,classical,3,0,0.3915,0.74,-6.756,0.206,0.0,0.2949,0.3744,0.3324,121.79,251206,38
TRK000300,Track_0300,Artist_008,hip-hop,2,0,0.3882,0.4927,-12.239,0.0954,0.2763,0.019,0.4126,0.2767,144.92,239238,30
TRK000301,Track_0301,Artist_127,pop,4,1,0.8731,0.7232,-6.401,0.0302,0.271,0.0653,0.3341,0.7965,130.55,233239,58
TRK000302,Track_0302,Artist_289,electronic,0,0,0.8122,0.6983,-6.182,0.2409,0.0201,0.0375,0.2742,0.8096,95.36,141856,71
TRK000303,Track_0303,Artist_004,classical,1,0,0.4888,0.5661,-13.568,0.4694,0.3677,0.2439,0.2587,0.4926,70.24,194310,42
TRK000304,Track_0304,Artist_313,rock,7,1,0.7051,0.5608,-13.587,0.0996,0.695,0.0746,0.2091,0.6163,104.17,204991,39
TRK000305,,Artist_190,country,3,0,0.5534,0.721,-8.839,0.0958,0.3407,0.1835,0.2701,0.8961,130.07,288195,65
TRK000306,Track_0306,Artist_049,latin,4,0,0.7677,0.7536,-5.612,0.185,0.2546,0.0798,0.3557,0.5096,109.86,146369,70
TRK000307,Track_0307,Artist_106,electronic,9,0,0.5265,0.2021,-24.18,0.1895,0.6106,0.0088,0.2439,0.3445,91.36,181281,53
TRK000308,Track_0308,Artist_194,jazz,1,0,0.4322,0.6694,-8.99,0.33,0.3633,0.0914,0.1993,0.3974,104.64,258671,48
TRK000309,Track_0309,Artist_111,pop,4,1,0.5847,0.6582,-7.468,0.0677,0.2952,0.1282,0.0213,0.3322,172.15,167755,58
TRK000310,Track_0310,Artist_038,latin,2,1,-0.775540904990018,0.7014,-44.17720433478118,0.1026,0.3416,0.0609,0.1774,0.3111,89.29,180404,53
TRK000311,Track_0311,Artist_233,hip-hop,5,0,0.332,0.725,-6.492,0.1247,0.4059,0.2626,0.4074,0.6865,112.08,285328,53
TRK000312,Track_0312,Artist_235,latin,3,0,0.7592,0.2931,-15.213,0.0273,0.8685,0.1103,0.0646,0.3567,106.44,226459,49
TRK000313,,Artist_042,electronic,0,0,0.5503,0.2513,-24.516,0.0391,0.7719,0.1098,0.229,0.3405,175.67,248608,49
TRK000314,Track_0314,Artist_099,pop,0,1,0.4979,0.1879,-16.317,0.1014,0.9043,0.0187,0.121,0.4173,79.66,242514,50
TRK000315,Track_0315,Artist_086,pop,10,0,0.8338,0.3078,-16.502,0.2964,0.6001,,0.2057,0.3187,98.91,215268,25
TRK000316,Track_0316,Artist_231,jazz,0,0,0.4046,0.8535,-2.287,0.1206,0.3504,0.0516,0.1533,0.3806,122.71,214115,58
TRK000317,Track_0317,,electronic,9,1,0.6942,0.702,-11.139,0.2932,0.1383,0.1445,0.2188,0.6042,125.63,249899,59
TRK000318,Track_0318,Artist_254,pop,10,0,0.8753,0.7297,-11.805,0.175,0.233,0.0049,0.2637,0.6204,152.33,171885,55
TRK000319,Track_0319,Artist_328,classical,5,0,0.7453,0.6412,-5.964,0.263,0.5814,0.063,0.1677,0.3801,149.44,288030,52
TRK000320,Track_0320,Artist_269,rnb,3,0,0.9258,0.547,-14.004,0.006,0.3663,0.0181,0.2116,0.7674,101.22,185967,64
TRK000321,Track_0321,Artist_112,hip-hop,9,1,0.4669,0.6089,-11.289,0.0537,0.1498,0.02,0.2642,0.3896,129.71,256039,37
TRK000322,Track_0322,Artist_038,hip-hop,11,1,0.435,,-7.119,0.2435,0.2115,0.0545,0.0666,0.5205,116.08,232765,48
TRK000323,Track_0323,Artist_215,pop,1,1,0.7101,0.3562,-14.462,0.1574,0.8943,0.1728,0.3902,0.5045,108.12,185368,44
TRK000324,Track_0324,Artist_320,country,11,0,0.7886,0.4762,-11.152,0.204,0.1151,0.3496,0.2527,0.7461,149.38,231760,41
TRK000325,Track_0325,Artist_341,rock,11,1,0.8549,0.4325,-13.994,0.1692,0.5859,0.1024,0.3023,0.6497,128.06,215736,57
TRK000326,Track_0326,Artist_081,rnb,1,1,0.2676,0.6107,-12.883,0.2068,0.2751,0.1544,0.2542,0.2289,165.58,130549,34
TRK000327,Track_0327,Artist_083,hip-hop,0,0,0.2553,0.4624,-12.272,0.2413,0.5074,0.2205,0.3193,0.5359,134.26,206096,44
TRK000328,Track_0328,Artist_014,electronic,8,0,0.4412,0.1287,-19.58,0.1842,0.8086,0.3681,0.0485,0.2084,146.9,153807,41
TRK000329,Track_0329,Artist_050,rock,0,0,0.8063,0.5619,-15.632,0.0674,0.611,0.3928,0.3384,0.463,55.0,232836,44
TRK000330,Track_0330,Artist_194,pop,7,1,0.7483,0.6446,-6.698,0.0414,0.3651,0.0816,0.1481,0.4392,123.47,203631,67
TRK000331,Track_0331,Artist_191,country,0,0,0.8063,0.5855,-16.59,0.0447,0.5964,0.0099,0.3248,0.1959,133.09,249484,61
TRK000332,Track_0332,Artist_130,hip-hop,8,0,0.7489,0.3633,-13.733,0.2468,0.8679,0.0386,0.0864,0.4046,135.67,178645,60
TRK000333,Track_0333,Artist_109,electronic,2,1,0.443,0.6348,-11.43,0.2721,0.3706,0.0205,0.1339,0.5429,164.3,151684,57
TRK000334,Track_0334,Artist_290,latin,1,0,0.8038,0.4866,-11.743,0.2561,0.4487,0.0596,0.3621,0.3369,138.35,161570,56
TRK000335,Track_0335,Artist_161,latin,0,1,0.6352,0.3771,-14.581,0.08,0.6908,0.0379,0.1329,0.7754,87.1,300904,52
TRK000336,Track_0336,Artist_283,rnb,2,0,-0.26981863487470126,0.8118,-6.222,0.2492,0.2908,0.0425,0.35,0.1612,136.15,346305,57
TRK000337,,Artist_337,pop,6,0,0.7624,0.3804,-14.638,0.4446,0.412,0.1673,0.2775,0.3853,144.52,300059,43
TRK000338,Track_0338,Artist_111,electronic,0,1,0.6432,0.4678,-13.899,0.3215,0.5747,0.0174,0.0857,0.2354,104.01,140694,48
TRK000339,Track_0339,Artist_071,rnb,9,1,0.5572,0.559,-10.132,0.0771,0.3954,0.1984,0.379,0.6616,109.57,148037,53
TRK000340,,Artist_333,hip-hop,7,0,0.648,0.6009,-5.973,0.7954677796586409,0.3234,0.0901,0.2735,0.6694,143.15,162070,57
TRK000341,Track_0341,Artist_222,pop,3,1,0.7672,0.8335,-8.615,0.0995,0.0422,0.0096,0.1152,0.6391,121.23,244836,90
TRK000342,Track_0342,Artist_102,country,11,1,0.7952,0.4795,-20.464,0.0531,0.4078,0.1263,0.2936,0.3198,151.8,304853,45
TRK000343,Track_0343,Artist_218,hip-hop,7,0,0.8554,0.5673,-12.434,0.14,0.6587,0.0365,0.2829,0.4178,126.38,250715,43
TRK000344,Track_0344,Artist_180,electronic,8,1,0.8128,0.6367,-11.057,0.1147,0.2978,0.3485,0.034,0.6836,60.09,218548,58
TRK000345,Track_0345,Artist_317,metal,2,0,0.703,0.4401,-15.149,0.093,0.7658,0.0547,0.1294,0.3987,122.85,168398,54
TRK000346,Track_0346,Artist_090,electronic,8,1,0.6774,0.7696,-9.106,0.5911,0.2539,0.4009,0.1998,0.5231,110.1,197145,47
TRK000347,Track_0347,Artist_346,hip-hop,6,0,0.6203,0.5293,-10.437,0.1594,0.2669,0.1871,0.125,0.5011,138.5,213988,53
TRK000348,Track_0348,Artist_327,hip-hop,11,0,0.5822,0.689,-11.882,0.3863,0.3454,0.173,0.1832,0.4788,133.12,249720,54
TRK000349,Track_0349,,hip-hop,5,1,0.575,0.2984,-16.444,0.105,0.4878,0.0331,0.234,0.0983,94.88,187542,44
TRK000350,Track_0350,Artist_058,,8,1,0.7057,0.4647,-12.373,0.1762,0.6446,0.1431,0.2912,0.2906,126.83,228053,48
TRK000351,Track_0351,Artist_187,country,4,0,0.5844,0.8695,-4.175,0.2289,0.0931,0.0845,0.1939,0.3821,136.29,222378,61
TRK000352,Track_0352,Artist_016,country,0,1,0.6108,0.8556,-4.106,0.1372,0.2984,0.0836,0.0797,0.4934,133.72,214515,72
TRK000353,Track_0353,Artist_105,rock,1,0,0.5035,0.4413,-12.203,0.087,0.8167,0.1784,0.2175,0.4472,148.64,192204,33
TRK000354,Track_0354,Artist_152,rock,10,1,0.7208,0.3023,-17.232,0.0742,0.3854,0.3728,0.1341,0.489,92.66,215443,30
TRK000355,Track_0355,Artist_339,rnb,8,1,0.8031,0.694,-9.495,0.0708,0.223,0.2504,0.3331,0.8679,116.91,205684,56
TRK000356,Track_0356,Artist_347,pop,4,1,0.3472,0.3123,-16.06,0.3628,0.47,0.1022,0.3277,0.0623,58.9,174817,53
TRK000357,Track_0357,Artist_053,electronic,8,1,0.7958,0.4664,-12.419,0.087,0.9221,0.0458,0.1339,0.6265,154.33,249803,54
TRK000358,Track_0358,Artist_312,hip-hop,0,1,0.8993,0.7294,-5.996,0.8951987527823462,0.1913,0.0888,0.3504,0.5684,124.7,280860,68
TRK000359,Track_0359,Artist_032,jazz,0,1,0.2533,0.8189,-9.752,0.1959,0.0,0.3857,0.1648,0.8062,118.87,217654,37
TRK000360,Track_0360,Artist_262,pop,6,1,0.6821,0.5663,-11.946,0.2132,0.837,0.0533,0.15,0.5361,118.41,207930,75
TRK000361,Track_0361,Artist_296,jazz,7,0,0.789,0.7679,-9.449,0.0841,0.1014,0.1113,0.2854,0.5727,135.45,244144,53
TRK000362,Track_0362,Artist_311,hip-hop,11,1,0.7476,0.806,-5.034,,0.0,0.0824,0.2372,0.7179,151.14,218338,67
TRK000363,Track_0363,Artist_078,electronic,9,1,0.6083,0.2915,-15.989,0.1121,0.5,0.0737,0.261,0.4612,113.85,261315,40
TRK000364,Track_0364,Artist_312,pop,3,0,0.4844,0.9281,-4.185,0.2185,0.0977,0.0219,0.0856,0.5244,133.47,214785,53
TRK000365,Track_0365,Artist_041,hip-hop,9,1,0.7888,0.3216,-18.529,0.232,0.6866,0.0703,0.3225,0.6244,133.14,236377,55
TRK000366,Track_0366,Artist_182,electronic,5,1,0.3712,0.7695,-5.758,0.0184,0.08,0.1724,0.1036,0.7583,60.44,288006,54
TRK000367,Track_0367,Artist_164,pop,9,0,0.7763,0.3448,-16.707,0.0914,0.5679,0.1031,0.1809,0.6853,102.18,267046,66
TRK000368,Track_0368,Artist_111,pop,2,0,0.8188,0.4089,,0.1065,0.6007,0.1839,0.3354,0.5348,134.19,202942,42
TRK000369,Track_0369,,pop,0,0,0.5867,0.7287,-4.069,0.121,0.5096,0.1166,0.1466,0.8888,156.55,258663,55
TRK000370,Track_0370,Artist_270,rock,0,1,0.4193,0.7695,-4.87,0.2625,0.2905,0.192,0.3558,0.5948,160.05,161948,41
TRK000371,Track_0371,Artist_118,pop,11,1,0.6787,0.6717,-8.71,0.1033,0.2269,0.0904,0.3199,0.3929,87.71,200957,60
TRK000372,Track_0372,Artist_231,latin,0,1,0.6991,0.578,-7.267,0.0396,0.3808,0.0967,0.279,0.5768,149.98,247510,40
TRK000373,Track_0373,Artist_144,hip-hop,11,1,0.689,0.346,-15.859,0.2636,0.7926,0.1443,0.0874,0.4421,150.93,278840,50
TRK000374,Track_0374,Artist_131,country,8,0,0.3104,0.7879,-7.721,0.1617,0.5145,0.1977,0.1016,0.368,133.56,176185,36
TRK000375,Track_0375,Artist_310,metal,1,1,0.7912,0.4276,-16.078,0.3332,0.3735,0.0159,0.0822,0.6123,65.44,208770,50
TRK000376,Track_0376,Artist_033,pop,10,0,0.5579,0.6632,-10.958,0.2118,0.5374,0.341,0.317,0.1949,106.96,210136,44
TRK000377,Track_0377,Artist_258,jazz,1,0,0.7573,0.646,-9.803,0.1366,0.2977,0.0747,0.2543,0.9054,125.03,205851,48
TRK000378,Track_0378,Artist_261,rnb,1,0,0.2502,0.5756,-10.317,0.0865,,0.0215,0.1445,0.4742,115.39,155271,45
TRK000379,Track_0379,Artist_133,electronic,6,1,0.3821,0.8536,-8.333,0.3081,0.0,0.0402,0.2008,0.1892,61.28,232532,60
TRK000380,Track_0380,Artist_092,hip-hop,3,0,0.4591,0.7374,-8.764,0.2264,0.5027,0.3164,0.2776,0.6227,114.68,152597,61
TRK000381,Track_0381,Artist_002,hip-hop,3,0,0.7921,0.7946,-6.051,0.1368,0.467,0.021,0.2623,0.7644,95.94,261200,77
TRK000382,Track_0382,Artist_327,pop,2,0,0.8218,0.8594,-3.677,0.1766,0.0382,0.2473,0.1063,0.9844,138.54,270740,82
TRK000383,Track_0383,Artist_331,electronic,7,0,0.3469,0.9376,-3.431,0.0164,0.0243,0.0457,0.4287,0.8446,135.44,181267,57
TRK000384,Track_0384,Artist_085,metal,0,1,0.7043,0.3752,-15.209,0.1014,0.304,0.0707,0.0159,0.8389,136.65,152890,67
TRK000385,Track_0385,Artist_012,latin,2,1,0.8372,0.698,-11.369,0.2079,0.4392,0.1646,0.2491,0.621,111.66,208551,62
TRK000386,Track_0386,Artist_043,pop,6,1,0.2641,0.6533,-11.634,0.1777,0.3416,0.281,0.3333,0.4949,122.57,186603,40
TRK000387,Track_0387,Artist_024,jazz,5,1,0.7941,0.7882,-6.794,0.1671,0.0,0.0518,0.1534,0.5967,119.65,200564,51
TRK000388,Track_0388,Artist_291,rock,8,1,0.2679,0.5699,-10.339,0.2096,0.467,0.0661,0.2185,0.5461,147.58,214120,42
TRK000389,Track_0389,Artist_312,rnb,2,1,0.5739,0.514,-12.183,0.2302,0.2359,0.0639,0.1103,0.0991,107.07,168138,52
TRK000390,Track_0390,Artist_054,pop,7,0,0.5586,0.4609,-15.728,0.1744,0.6395,0.12,0.1553,0.2331,100.8,284657,48
TRK000391,Track_0391,Artist_261,latin,9,1,0.5516,0.4083,-15.538,0.166,0.3968,,0.4551,0.363,148.92,181147,29
TRK000392,Track_0392,Artist_063,country,4,1,0.6343,0.4415,-10.961,0.1383,0.6192,0.1038,0.3194,0.4791,144.98,252094,52
TRK000393,Track_0393,Artist_129,pop,3,1,0.7435,0.6592,-8.3,0.1083,0.2232,0.018,0.1933,0.6447,135.05,169956,53
TRK000394,Track_0394,Artist_210,pop,6,0,0.8207,0.6641,-9.746,0.2835,0.0,0.1022,0.1071,0.8812,166.22,212761,70
TRK000395,Track_0395,Artist_252,country,6,0,0.7527,0.3593,-18.352,0.1211,0.82,0.203,0.1787,0.3974,180.48,230263,45
TRK000396,Track_0396,Artist_306,pop,1,1,0.6158,0.6331,-11.641,0.0806,0.5561,0.1751,0.2417,0.3161,156.46,216103,43
TRK000397,Track_0397,Artist_016,electronic,6,1,0.4207,0.4776,-13.479,0.0946,0.4285,0.1597,0.1682,0.3367,101.07,198572,60
TRK000398,Track_0398,Artist_069,rnb,1,0,0.5943,0.8334,-5.059,0.075,0.216,0.0823,0.1952,0.5,145.27,187815,55
TRK000399,Track_0399,Artist_098,electronic,6,1,0.3968,0.5288,-11.121,0.1725,0.55,0.1441,0.0148,0.5132,125.09,191694,36
TRK000400,Track_0400,Artist_109,hip-hop,11,0,0.6842,0.2533,-17.574,,0.8314,0.1169,0.2184,0.7211,106.26,179617,53
TRK000401,Track_0401,Artist_349,hip-hop,6,1,0.4138,0.6637,-10.213,0.1477,0.6469,0.0392,0.198,0.7268,101.25,224986,39
TRK000402,Track_0402,Artist_272,pop,9,0,0.6062,0.2691,-19.205,0.3353,0.8059,0.1191,0.3737,0.6131,129.54,292406,55
TRK000403,Track_0403,Artist_112,latin,3,0,0.5042,0.4103,-10.47,0.1945,0.5253,0.1572,0.1622,0.318,144.87,226168,47
TRK000404,Track_0404,Artist_340,rock,11,1,0.7387,0.5123,-13.954,0.1643,0.5648,0.0314,0.3049,0.5326,160.62,236810,74
TRK000405,Track_0405,Artist_175,pop,9,1,0.8523,0.3637,-18.841,0.0442,0.5589,0.0892,0.3397,0.6373,140.88,258701,60
TRK000406,Track_0406,Artist_175,rock,11,0,0.6545,0.6052,-14.29,0.1649,0.203,0.2405,0.314,0.4176,138.07,189703,41
TRK000407,Track_0407,Artist_152,latin,8,0,0.5198,0.4963,-13.859,,0.7233,0.0099,0.2319,0.3357,116.24,128804,45
TRK000408,Track_0408,Artist_051,pop,7,1,0.8233,0.3812,-13.545,0.2549,0.7149,0.0852,0.2531,0.6213,128.06,210132,72
TRK000409,Track_0409,Artist_327,rnb,6,0,0.6714,0.6465,-11.044,0.0272,0.0184,0.2632,0.3329,0.3328,80.14,248473,54
TRK000410,Track_0410,Artist_005,jazz,11,1,,0.371,-12.587,0.0327,0.5059,0.0213,0.1867,0.6014,137.83,300463,51
TRK000411,Track_0411,Artist_061,country,10,1,0.5747,0.5413,-12.107,0.1641,,0.0944,0.2432,0.4258,134.09,165890,52
TRK000412,Track_0412,Artist_081,metal,5,1,0.5387,0.1725,-17.764,0.1549,0.546,0.2973,0.1462,0.4501,175.6,259490,40
TRK000413,Track_0413,Artist_098,country,1,0,0.7095,0.1922,-21.438,0.2504,0.6722,0.2101,0.382,0.4738,120.89,221745,28
TRK000414,Track_0414,Artist_047,latin,0,0,0.566,0.6887,-10.481,0.2635,0.7904,0.0032,0.3026,0.7715,155.36,192502,40
TRK000415,Track_0415,Artist_007,pop,2,1,0.4472,0.7396,-7.528,0.0486,0.2008,0.0123,0.1019,0.1271,108.72,162930,38
TRK000416,Track_0416,Artist_237,country,0,0,,0.6422,-8.809,0.142,0.5527,0.0141,0.2556,0.7942,169.52,183724,43
TRK000417,Track_0417,Artist_339,electronic,2,1,0.8317,0.3547,-16.589,0.1255,0.9153,0.0432,0.2899,0.7713,162.59,235797,47
TRK000418,Track_0418,Artist_043,electronic,1,0,0.7571,,-12.988,0.3425,0.3652,0.169,0.4205,0.6063,153.69,265024,71
TRK000419,Track_0419,,rnb,11,1,0.6323,0.419,-13.486,0.176,0.6289,0.0684,0.3757,0.575,123.69,87409,43
TRK000420,Track_0420,Artist_177,metal,1,0,0.7048,0.4509,-17.205,0.1215,0.9197,0.3553,0.2706,0.6323,115.78,233061,47
TRK000421,Track_0421,Artist_324,jazz,7,1,0.7555,0.443,-15.005,0.1467,0.6398,0.0645,0.0863,0.3828,111.61,184190,45
TRK000422,Track_0422,Artist_243,hip-hop,4,1,0.571,0.8555,-6.319,0.02,0.5703,0.028,0.2273,0.6161,94.76,188391,63
TRK000423,Track_0423,Artist_268,hip-hop,2,0,0.6108,0.7259,-9.064,0.3188,0.1594,0.2072,0.24,0.7391,135.09,228742,60
TRK000424,Track_0424,Artist_203,hip-hop,8,0,0.7003,0.574,-10.478,0.3951,0.7495,0.071,0.203,0.2443,115.05,296449,42
TRK000425,Track_0425,Artist_146,hip-hop,11,0,0.8137,0.5272,-13.513,0.3433,0.4758,0.045,0.377,0.6854,132.72,177696,66
TRK000426,Track_0426,Artist_070,hip-hop,9,0,0.8816,0.6549,-14.003,0.0591,0.2861,0.039,0.339,0.6916,126.76,205697,59
TRK000427,Track_0427,Artist_302,pop,11,0,0.3518,,-17.47,0.2225,0.7947,0.149,0.3197,0.4334,91.93,139103,38
TRK000428,Track_0428,Artist_281,pop,7,0,0.504,0.5501,-14.239,0.2702,0.4298,0.1767,0.3975,0.2404,151.72,229732,47
TRK000429,Track_0429,Artist_009,country,8,1,0.5045,0.7821,-5.701,0.2614,0.2027,0.2124,0.2652,0.4169,124.69,178949,54
TRK000430,Track_0430,Artist_250,hip-hop,1,1,0.7863,0.4797,-11.673,0.0866,0.6076,0.0031,0.2521,0.3204,146.14,280922,50
TRK000431,Track_0431,Artist_030,latin,10,0,0.7576,0.2812,-22.598,0.1502,0.3934,0.0894,0.2998,0.2361,89.37,226214,43
TRK000432,Track_0432,Artist_258,electronic,8,0,0.6396,0.4866,-14.997,0.1162,0.3696,0.0499,0.0548,0.6577,100.61,197254,57
TRK000433,Track_0433,Artist_289,pop,3,0,0.7244,0.6419,-9.102,0.1983,0.4882,0.0824,0.2062,0.4946,111.01,197567,63
TRK000434,Track_0434,Artist_046,pop,4,1,0.9515,0.4894,-16.333,0.2096,0.6891,0.1453,0.147,0.5303,128.8,226412,64
TRK000435,Track_0435,Artist_152,pop,7,0,0.4122,0.6963,-6.96,0.0961,0.368,0.4793,0.3128,0.6755,119.1,241099,40
TRK000436,Track_0436,Artist_044,metal,0,0,0.4968,0.3126,-14.814,0.0652,0.737,0.3738,0.3891,0.3212,160.2,157402,36
TRK000437,Track_0437,Artist_198,pop,9,0,0.4331,0.5617,-11.999,0.2023,0.5107,0.2578,0.2353,0.615,150.97,203312,44
TRK000438,Track_0438,Artist_324,hip-hop,3,1,0.479,0.6987,-10.33,0.0194,0.4737,0.0583,0.0457,0.3212,101.53,209880,36
TRK000439,Track_0439,Artist_029,latin,0,0,0.5252,0.4366,-19.478,0.2815,0.3067,0.1045,0.6439,0.3768,204.5,219526,37
TRK000440,Track_0440,Artist_139,metal,3,1,0.5731,0.633,-8.283,0.274,0.2753,0.0524,0.2423,0.3664,119.62,268762,42
TRK000441,Track_0441,Artist_340,rock,10,0,0.4952,0.6599,-5.076,0.2958,0.3267,0.1258,0.3234,0.6024,158.15,145851,74
TRK000442,Track_0442,Artist_106,pop,3,0,0.7639,0.3404,-12.56,0.1596,0.6948,0.2669,0.4288,0.4757,114.03,253016,62
TRK000443,Track_0443,Artist_047,pop,6,0,0.6892,0.5424,-12.496,0.141,0.0778,0.0407,0.5653,0.6816,139.49,226397,67
TRK000444,Track_0444,Artist_171,pop,9,0,0.4041,0.5988,-13.23,0.1487,0.1749,0.0865,0.2368,0.469,148.6,187598,48
TRK000445,Track_0445,Artist_178,pop,0,1,0.4741,0.5302,-10.492,0.1638,0.4668,0.0279,0.5002,0.0986,79.88,246282,47
TRK000446,Track_0446,Artist_232,electronic,9,0,0.4436,0.9197,-4.045,0.1135,0.2626,0.0916,0.2201,0.524,170.91,192759,79
TRK000447,Track_0447,Artist_110,rnb,3,0,0.9774,0.5752,-10.293,0.1361,0.3493,0.1084,0.0449,0.4148,100.12,128443,52
TRK000448,Track_0448,,electronic,8,0,0.6165,0.5309,-11.654,0.3241,0.349,0.1156,0.3192,0.5756,112.23,60000,55
TRK000449,Track_0449,Artist_182,electronic,2,1,0.6489,,-13.069,0.3982,0.6076,0.0053,0.5755,0.6126,105.06,155261,70
TRK000450,Track_0450,Artist_100,pop,1,0,0.2555,0.3917,-13.12,0.0614,0.5493,0.043,0.038,0.4207,106.12,185511,38
TRK000451,Track_0451,Artist_336,country,9,1,0.5442,0.6826,-6.637,0.0617,0.4759,0.1663,0.1244,0.5117,107.44,217726,49
TRK000452,Track_0452,Artist_323,electronic,9,1,0.8597,0.7291,-9.111,0.4739,0.2311,0.1041,0.4945,0.3983,88.57,236878,59
TRK000453,Track_0453,Artist_175,rnb,11,1,0.4922,0.4902,-15.247,0.0933,0.3091,0.1378,0.468,0.4808,143.31,198387,38
TRK000454,Track_0454,Artist_009,latin,8,1,0.7921,0.3608,-21.561,0.024,0.8949,0.1788,0.118,0.606,125.23,146545,55
TRK000455,Track_0455,Artist_209,rock,5,1,0.5619,0.7096,-9.15,0.2296,0.5131,0.0251,0.3732,0.5184,118.13,192876,40
TRK000456,Track_0456,Artist_194,pop,2,0,0.6522,0.5377,-14.576,0.1126,0.2903,0.6001,0.297,0.5471,150.45,200178,59
TRK000457,Track_0457,Artist_052,rock,3,1,0.7537,0.746,-6.667,0.049,0.3253,0.0723,0.189,0.3104,171.46,288189,56
TRK000458,Track_0458,Artist_222,hip-hop,7,1,0.59,0.9074,-4.776,0.1644,0.0338,0.2594,0.2741,0.645,78.32,235057,68
TRK000459,Track_0459,Artist_294,latin,4,0,0.5638,0.7487,-8.028,0.1109,0.3627,0.044,0.2077,0.5463,167.46,135459,49
TRK000460,Track_0460,Artist_037,hip-hop,5,0,0.7895,0.6361,-8.219,0.1877,0.2063,0.3051,0.2435,0.4096,121.35,195823,60
TRK000461,Track_0461,Artist_253,country,2,1,0.8622,0.6488,-8.853,0.0416,0.5082,0.249,0.1482,0.7602,84.17,241342,65
TRK000462,Track_0462,Artist_049,electronic,5,1,0.828,0.752,-7.713,0.367,0.4631,0.306,0.2518,0.5968,133.56,210944,47
TRK000463,Track_0463,Artist_262,pop,2,1,0.5381,0.8456,-1.687,0.2102,0.0,0.1829,0.3846,0.6293,118.73,136929,50
TRK000464,Track_0464,Artist_147,rock,1,0,0.688,0.4753,-11.918,0.1381,0.5368,0.1037,0.0977,0.6138,146.1,246827,54
TRK000465,Track_0465,Artist_003,jazz,1,0,0.5145,0.6468,-10.685,0.2081,0.572,0.5105,0.1437,0.5671,126.07,226355,51
TRK000466,Track_0466,Artist_338,jazz,6,1,0.8425,0.3174,-17.834,0.1715,0.5023,0.1359,0.0717,0.2989,131.99,202935,46
TRK000467,Track_0467,Artist_058,hip-hop,4,0,0.5907,0.624,-8.538,0.1904,0.2556,0.0174,0.1989,0.4651,109.81,173713,64
TRK000468,Track_0468,Artist_209,rock,1,1,0.7286,0.8869,-4.043,0.1545,0.2322,0.2819,0.1204,1.0,93.2,255599,57
TRK000469,Track_0469,Artist_064,classical,6,1,0.5384,0.9182,-6.265,0.1778,0.0528,0.074,0.06,0.8649,142.77,128370,68
TRK000470,Track_0470,Artist_326,pop,1,0,0.551,0.5273,-10.43,0.1883,0.1891,0.1497,0.1215,0.6327,107.3,140057,55
TRK000471,Track_0471,Artist_258,latin,0,1,0.3618,0.6649,-6.606,0.0426,0.2774,0.0042,0.3592,0.4949,133.27,176932,37
TRK000472,Track_0472,Artist_281,pop,1,0,0.7564,0.5452,-9.407,0.1722,0.7692,0.1537,0.4398,0.4033,163.6,223600,70
TRK000473,Track_0473,Artist_151,pop,5,0,0.359,0.4107,-11.571,0.1952,0.9606,0.127,0.4248,0.3261,117.53,148616,53
TRK000474,Track_0474,Artist_164,hip-hop,11,0,0.7275,0.4802,-8.883,0.1812,0.4051,0.0925,0.4026,0.4694,141.6,185487,51
TRK000475,Track_0475,Artist_222,hip-hop,2,1,0.8006,0.4144,-11.078,0.1131,0.4213,0.0227,0.2054,0.5401,121.14,194638,53
TRK000476,Track_0476,Artist_274,hip-hop,3,1,0.741,0.3364,-15.849,0.2551,0.5811,0.1768,0.1862,0.2408,111.79,225442,54
TRK000477,Track_0477,Artist_296,hip-hop,2,0,0.865,0.7515,-7.926,0.0174,0.5729,0.0426,0.4492,0.8741,78.25,197543,59
TRK000478,Track_0478,Artist_007,metal,4,1,0.8485,0.5752,-15.37,0.1298,0.5763,0.1173,0.3039,0.1496,120.9,197712,51
TRK000479,Track_0479,Artist_232,hip-hop,8,1,0.3481,0.3789,,0.2412,0.8847,0.124,0.1277,0.4935,117.4,178238,43
TRK000480,Track_0480,Artist_039,hip-hop,3,1,0.6638,0.8244,-4.722,0.1493,0.3554,0.1433,0.5303,0.795,97.62,259006,65
TRK000481,Track_0481,Artist_101,hip-hop,7,1,0.8247,0.777,-6.809,0.0348,0.0,0.1097,0.1274,1.0,65.02,239688,51
TRK000482,Track_0482,Artist_290,pop,10,1,0.6003,0.4361,-18.56,0.1028,0.3931,0.1196,0.4376,0.4278,75.24,238070,44
TRK000483,Track_0483,Artist_088,electronic,11,1,0.5626,0.6838,-9.587,0.1225,0.1909,0.0916,0.345,0.4489,171.99,174988,55
TRK000484,Track_0484,Artist_279,rock,6,1,0.6666,0.4354,-13.001,0.1939,0.4706,0.1409,0.3571,0.524,123.06,186933,55
TRK000485,Track_0485,Artist_162,electronic,8,0,0.607,0.7653,-9.421,0.0873,0.1126,0.2447,0.1433,0.6918,81.79,231438,56
TRK000486,Track_0486,Artist_082,pop,11,0,0.5542,0.5715,-11.062,0.1243,0.3273,0.0912,0.185,0.4832,105.14,183562,61
TRK000487,Track_0487,Artist_117,metal,9,0,0.3375,0.785,-5.78,0.1245,0.3303,0.2941,0.1512,0.2637,122.28,168306,27
TRK000488,Track_0488,Artist_186,hip-hop,3,1,0.9034,0.6846,-6.478,0.131,0.3398,0.0941,0.2587,0.7967,134.57,222991,62
TRK000489,Track_0489,Artist_268,rnb,1,1,0.6265,0.6679,-5.539,0.1199,0.5517,0.0358,0.1755,0.5656,115.47,151145,56
TRK000490,Track_0490,Artist_212,hip-hop,1,1,0.6732,0.75,-8.332,0.0197,0.2953,0.3661,0.0955,0.434,178.59,200576,55
TRK000491,Track_0491,Artist_326,pop,10,0,0.4926,0.302,-16.951,0.0175,0.5762,0.2149,0.1407,0.0849,179.91,250152,49
TRK000492,Track_0492,Artist_303,country,6,0,0.7031,0.4645,-13.308,0.0864,0.5694,0.086,0.2019,0.9734,132.72,216537,51
TRK000493,Track_0493,Artist_263,jazz,3,0,0.644,0.7056,-7.049,0.1578,0.0224,0.1094,0.1394,0.7365,111.75,162879,51
TRK000494,Track_0494,Artist_211,country,4,1,0.1159,0.7555,-6.197,0.4073,0.0,0.0741,0.3889,0.4673,132.71,231268,46
TRK000495,Track_0495,,hip-hop,3,0,0.6052,0.7824,-3.652,0.2237,0.3334,0.0109,0.4047,0.5755,84.79,182955,55
TRK000496,Track_0496,Artist_144,electronic,9,0,0.7406,0.2233,-24.216,0.2618,,0.3613,0.207,0.5856,149.99,248053,39
TRK000497,Track_0497,Artist_042,rnb,7,1,0.811,0.5828,,0.0449,0.4302,0.2727,0.1291,0.4295,126.81,232911,57
TRK000498,Track_0498,Artist_131,electronic,10,0,0.7997,0.4139,-13.822,0.1707,0.5157,0.0145,0.078,0.5906,88.2,194378,47
TRK000499,Track_0499,Artist_324,rock,3,1,0.4753,0.2466,-19.093,0.1468,0.5119,0.3002,0.0683,0.3939,105.64,176254,48
TRK000500,,Artist_149,jazz,5,1,,0.6728,-14.178,0.129,0.5372,0.1797,0.1344,0.3686,138.06,171782,30
TRK000501,Track_0501,Artist_040,jazz,1,0,0.5158,0.3052,-17.42,0.095,0.7835,0.0228,0.3584,0.3701,75.37,326535,37
TRK000502,Track_0502,Artist_228,latin,11,0,0.5627,0.6273,,0.2055,0.4251,0.1195,0.1951,0.4485,96.98,106888,61
TRK000503,Track_0503,Artist_336,hip-hop,6,0,0.6664,0.4652,-10.074,0.2596,0.5339,0.0782,0.1282,0.3752,108.96,130787,70
TRK000504,Track_0504,Artist_303,hip-hop,6,0,0.7929,0.6288,-9.341,0.0498,0.2867,0.1016,0.281,0.5299,149.31,259611,59
TRK000505,Track_0505,Artist_096,country,4,0,0.7732,0.6834,,0.3142,0.1162,0.0466,0.3407,0.3299,170.0,249898,61
TRK000506,Track_0506,Artist_159,hip-hop,3,0,0.8232,0.5499,-16.419,0.2079,0.4956,0.0289,0.0867,0.8042,132.6,226215,70
TRK000507,Track_0507,Artist_186,classical,11,0,0.7484,0.3877,-14.172,0.1186,0.5154,,0.2429,0.8037,55.0,120363,46
TRK000508,Track_0508,Artist_087,hip-hop,5,1,0.624,0.8126,-4.592,0.0643,0.1111,0.1825,0.0985,0.4484,90.73,234246,62
TRK000509,Track_0509,Artist_094,pop,8,0,0.7006,0.3196,-17.444,0.1937,0.9896,0.0787,0.0709,0.6769,219.88,165915,48
TRK000510,,Artist_083,classical,0,1,0.555,0.3722,-14.483,0.0517,0.6191,,0.3469,0.4243,126.41,205552,27
TRK000511,Track_0511,Artist_348,pop,3,1,0.8884,0.4566,-14.722,0.1832,0.1019,0.073,0.4813,0.6077,55.0,228309,66
TRK000512,Track_0512,Artist_261,pop,9,0,0.659,0.3925,-13.017,0.235,0.5111,0.1151,0.2384,0.2508,188.44,232796,56
TRK000513,Track_0513,Artist_294,electronic,1,1,0.7813,0.1862,-17.719,0.011,0.6335,0.2261,0.3822,0.3664,84.59,180718,35
TRK000514,Track_0514,Artist_285,classical,1,0,0.8193,0.7572,-10.946,0.7977485965154506,0.2177,0.1325,0.1988,0.7796,138.06,267821,57
TRK000515,Track_0515,Artist_335,rnb,9,1,0.7681,0.7641,-10.26,0.0246,,0.1454,0.3507,0.4875,89.9,246580,46
TRK000516,Track_0516,Artist_037,rock,3,0,0.4598,0.5387,-7.68,0.0077,0.5394,0.1495,0.1454,0.312,183.66,166793,36
TRK000517,Track_0517,Artist_308,,3,1,0.5802,0.5681,-9.452,0.1281,0.3787,0.2915,0.081,0.4184,82.33,188410,49
TRK000518,Track_0518,Artist_024,latin,6,1,0.6255,0.4726,-16.381,0.1218,0.4418,0.004,0.3411,0.0,105.61,175860,47
TRK000519,Track_0519,Artist_166,pop,2,1,0.4048,0.686,-12.363,0.1297,0.341,0.145,0.0355,0.5313,151.37,207181,49
TRK000520,Track_0520,Artist_208,pop,0,0,0.5601,0.2054,-19.025,0.189,0.7808,0.6401,0.2397,0.4886,106.51,238312,31
TRK000521,Track_0521,Artist_125,rock,0,1,0.75,0.3755,-18.252,0.3448,0.6003,,0.3607,0.5846,135.62,126718,64
TRK000522,Track_0522,Artist_052,,0,1,0.706,0.4105,-15.666,0.3198,0.5491,0.1352,0.429,0.6811,145.26,120712,58
TRK000523,Track_0523,Artist_068,rnb,1,1,0.3414,0.5883,-11.161,0.1179,0.408,0.0906,0.2216,0.3296,126.96,172557,51
TRK000524,Track_0524,Artist_288,classical,8,1,0.597,0.6897,-9.026,,0.3721,0.0596,0.4079,0.8861,90.89,270871,60
TRK000525,Track_0525,Artist_112,jazz,3,0,0.7987,0.442,-11.798,0.0997,0.5973,0.0079,0.1171,0.4121,99.96,220690,57
TRK000526,Track_0526,Artist_109,pop,0,0,0.4105,0.8044,-2.267,0.0584,0.3985,0.3471,0.1008,0.4759,111.26,280972,57
TRK000527,Track_0527,Artist_323,rock,0,1,0.6232,0.5152,-13.72,0.1563,0.3864,0.0457,0.1099,0.4526,138.45,202991,51
TRK000528,Track_0528,Artist_051,hip-hop,5,1,0.75,,-14.91,0.3002,0.5166,0.0187,0.3543,0.6052,144.73,172108,60
TRK000529,Track_0529,Artist_320,pop,10,1,0.6061,0.7391,-6.884,0.2582,0.7012,0.0454,0.3139,0.5383,127.74,134560,56
TRK000530,Track_0530,Artist_322,rock,4,1,0.6177,0.5108,-9.173,0.1183,0.4818,0.0315,0.3363,0.4882,141.66,172687,55
TRK000531,Track_0531,Artist_209,rock,0,1,0.7431,0.6839,-9.842,0.0872,0.3157,0.0142,0.2111,0.5016,77.43,182092,51
TRK000532,Track_0532,Artist_058,pop,2,1,0.8398,0.5338,-10.385,0.1295,0.2388,0.1021,0.2008,0.5358,130.34,100865,62
TRK000533,Track_0533,Artist_055,electronic,5,0,0.6711,0.2712,-19.876,0.1736,0.6004,0.271,0.0504,0.0447,120.18,172151,44
TRK000534,Track_0534,Artist_100,jazz,2,0,0.4794,0.6568,-9.504,0.1915,0.3241,0.1851,0.3172,0.64,135.87,171756,51
TRK000535,Track_0535,Artist_202,pop,11,0,0.5133,0.3057,-19.831,0.1637,0.7903,0.0432,0.2863,0.204,143.06,210978,37
TRK000536,Track_0536,Artist_054,hip-hop,9,1,0.4596,0.7789,-6.84,0.1277,0.3379,0.1016,0.2007,0.4411,92.57,208103,56
TRK000537,Track_0537,Artist_160,country,4,1,-0.5550984920772294,0.7726,-7.26,0.1544,0.2862,0.0918,0.1049,0.3643,118.92,224401,38
TRK000538,Track_0538,Artist_041,classical,11,1,0.7967,0.4586,-12.573,0.4122,0.6862,0.0803,0.1288,0.6715,159.37,136978,53
TRK000539,Track_0539,Artist_189,country,3,0,0.7432,0.8,-2.488,0.4396,0.0201,0.0215,0.1254,0.5666,130.51,158924,63
TRK000540,Track_0540,Artist_008,hip-hop,1,1,0.4752,0.3588,-16.963,0.1299,0.7292,0.0615,0.1181,0.0,119.19,251667,58
TRK000541,Track_0541,Artist_248,country,11,1,0.7719,0.396,-19.688,0.1014,0.6064,0.0876,0.4383,0.5865,87.9,198342,54
TRK000542,Track_0542,Artist_020,rock,11,1,0.7452,0.5454,-12.445,0.113,0.4771,0.0726,0.2242,0.4417,137.2,248112,57
TRK000543,Track_0543,Artist_068,hip-hop,3,0,0.5037,0.3237,,0.3299,0.6111,0.2747,0.1273,0.3858,83.07,203645,34
TRK000544,Track_0544,Artist_061,pop,7,0,0.5522,0.2393,-18.292,0.2132,0.5892,0.2001,0.3604,0.532,117.0,218422,53
TRK000545,Track_0545,Artist_291,hip-hop,2,0,0.517,0.6097,-10.932,0.0521,0.1715,0.2717,0.1437,0.3183,108.25,233791,39
TRK000546,Track_0546,Artist_019,hip-hop,7,1,0.939,0.5982,-7.566,0.224,0.4595,0.4259,0.3231,0.6728,133.02,184958,72
TRK000547,Track_0547,Artist_150,rock,8,1,0.5658,0.738,-7.464,0.3104,0.3516,0.1208,0.4385,0.424,105.24,179979,39
TRK000548,Track_0548,Artist_207,classical,8,1,0.5943,0.7199,-8.394,0.2435,0.2568,0.0327,0.1279,0.747,112.8,179400,45
TRK000549,Track_0549,Artist_181,rock,6,0,0.9245,0.6919,-10.488,0.0731,0.3054,0.0087,0.3598,0.7224,96.5,206491,67
TRK000550,Track_0550,Artist_238,rock,8,0,0.5514,0.8094,-10.036,0.1852,0.061,0.0639,0.2253,0.5773,115.04,235838,67
TRK000551,Track_0551,Artist_281,pop,6,1,,0.3737,-15.053,0.11,0.7168,0.0768,0.0271,0.372,128.01,191701,68
TRK000552,Track_0552,Artist_138,hip-hop,9,0,0.5502,0.6738,-8.636,0.1131,0.3371,0.1007,0.1141,0.6685,112.27,261978,54
TRK000553,Track_0553,Artist_290,rock,2,1,0.6254,0.6951,-11.038,0.0974,0.2391,0.1584,0.1179,0.7326,113.22,288733,43
TRK000554,Track_0554,Artist_111,hip-hop,5,0,0.7182,0.5091,-12.898,0.0258,0.6468,0.0393,0.1964,0.4135,126.61,170468,51
TRK000555,Track_0555,Artist_344,rock,4,1,0.8587,0.6439,-10.15,0.1564,0.4722,0.0493,0.1358,0.6895,150.03,263479,58
TRK000556,Track_0556,Artist_177,classical,6,1,0.4057,0.4191,-16.154,0.1292,0.3045,0.1067,0.2096,0.4851,142.85,209194,39
TRK000557,Track_0557,Artist_257,latin,1,1,0.578,0.7384,-9.501,0.1612,0.2705,0.362,0.4914,0.9678,85.77,227133,43
TRK000558,Track_0558,Artist_306,hip-hop,3,0,0.3313,0.8893,-3.544,0.2131,0.0,0.109,0.1507,0.5807,143.49,203973,67
TRK000559,Track_0559,Artist_277,jazz,11,1,0.5723,0.5615,-12.143,0.2718,,0.1032,0.126,0.504,160.3,264860,58
TRK000560,Track_0560,Artist_298,rnb,1,1,0.5638,0.7178,-9.508,0.0279,0.0,0.0409,0.1878,0.5269,141.76,225631,70
TRK000561,Track_0561,,metal,7,1,0.6716,0.3369,-18.483,0.0587,0.6985,0.3248,0.1201,0.4529,55.0,194353,26
TRK000562,Track_0562,Artist_016,electronic,7,0,0.7299,0.6004,-11.078,0.0837,0.5278,0.5862,0.2912,0.7267,129.41,191217,46
TRK000563,Track_0563,Artist_173,rnb,5,1,0.6053,0.3485,-14.299,0.3004,0.6316,0.0696,0.1572,0.2856,160.74,155942,46
TRK000564,Track_0564,Artist_064,rnb,0,0,0.7901,0.4514,-13.615,0.2619,0.339,0.0256,0.3908,0.7314,109.44,184277,56
TRK000565,Track_0565,Artist_311,country,0,0,0.5524,0.6379,-10.489,0.1504,0.7143,0.0774,0.3368,0.2444,203.2,264914,40
TRK000566,Track_0566,Artist_083,hip-hop,3,1,0.2925,0.5407,-11.425,0.1534,0.6673,0.0411,0.2601,0.4908,60.95,258734,39
TRK000567,Track_0567,Artist_080,pop,1,1,0.5105,0.4666,-10.734,0.0256,0.4378,0.3444,0.0626,0.6131,126.09,181196,42
TRK000568,Track_0568,Artist_088,pop,1,0,0.6025,0.9454,-2.122,0.2327,0.0076,0.0788,0.443,0.7971,142.25,160589,85
TRK000569,Track_0569,Artist_225,hip-hop,1,0,0.5051,0.5189,-12.013,0.1442,0.1246,0.0596,0.2816,0.5076,126.82,252829,39
TRK000570,Track_0570,Artist_200,hip-hop,2,1,0.5991,0.5643,-10.18,0.0576,0.5209,0.0749,0.5266,0.5882,126.31,229310,41
TRK000571,Track_0571,Artist_332,hip-hop,10,1,0.5352,0.4674,-14.064,0.1062,0.2861,0.0998,0.0682,0.3824,92.88,121077,39
TRK000572,Track_0572,Artist_146,electronic,7,0,0.8262,0.5458,-11.587,0.0495,0.5741,0.4086,0.2157,0.4103,105.89,339587,54
TRK000573,Track_0573,Artist_099,electronic,0,1,0.6131,0.5378,-13.245,0.2136,0.6469,0.1808,0.0566,0.5591,138.06,210524,49
TRK000574,Track_0574,Artist_018,country,7,1,0.6894,0.5047,-16.307,0.1134,0.4826,0.2129,0.2879,0.5493,62.82,286574,51
TRK000575,Track_0575,Artist_003,pop,1,1,0.7927,0.6597,-8.733,0.1834,0.1487,0.0292,0.3071,0.8039,147.35,217838,60
TRK000576,Track_0576,Artist_131,rock,5,0,0.3958,0.7397,-6.963,0.2897,0.4851,0.0063,0.1108,0.4616,118.81,163166,47
TRK000577,Track_0577,Artist_324,country,0,1,0.6141,0.461,-14.49,0.0719,0.5394,0.0287,0.3832,0.5163,137.46,218731,47
TRK000578,,Artist_183,country,1,1,0.6368,0.5091,-10.52,0.0286,0.5076,0.4242,0.091,0.5665,145.7,143959,58
TRK000579,Track_0579,Artist_312,metal,1,1,0.6036,0.4238,-16.265,0.0323,0.4086,0.0581,0.1194,0.573,220.0,204333,62
TRK000580,Track_0580,Artist_036,rnb,5,1,0.7356,0.46,-17.776,0.1563,0.5747,0.0357,0.403,0.7128,161.16,161038,53
TRK000581,Track_0581,Artist_033,rnb,5,0,0.3519,0.7804,-8.364,0.2928,0.183,0.0386,0.454,0.3098,88.35,200801,55
TRK000582,Track_0582,Artist_291,rock,4,0,0.5,0.3442,-19.818,0.201,0.4167,0.0377,0.2047,0.5218,182.53,221160,43
TRK000583,Track_0583,Artist_038,hip-hop,7,0,0.6982,0.2494,-17.77,0.0979,0.9918,0.0563,0.2491,0.419,55.0,223298,57
TRK000584,Track_0584,Artist_019,rock,8,0,0.4308,0.751,-9.133,0.1209,0.5657,0.0125,0.147,0.6224,109.58,144308,53
TRK000585,Track_0585,Artist_142,electronic,8,0,0.7963,0.1395,-18.764,0.0333,1.0,0.3658,0.195,0.7233,126.86,180983,55
TRK000586,Track_0586,Artist_323,latin,6,0,0.8083,0.564,-9.472,0.0898,0.5924,0.0254,0.3541,0.2316,112.93,121113,57
TRK000587,Track_0587,Artist_241,rock,6,1,0.5762,0.8685,-6.928,0.3406,0.4492,0.0679,0.5441,0.8319,129.89,237938,60
TRK000588,Track_0588,Artist_035,electronic,5,1,0.6555,0.5473,-13.737,0.1374,0.2641,0.0137,0.1578,0.5152,117.27,219126,55
TRK000589,Track_0589,Artist_293,rock,2,1,0.5741,0.4989,-11.848,0.1883,0.3104,0.0162,0.2187,0.329,157.97,157130,53
TRK000590,Track_0590,Artist_295,pop,5,1,0.591,0.7174,-6.061,0.3836,0.208,0.0363,0.2048,0.4883,108.5,273265,58
TRK000591,Track_0591,Artist_280,pop,0,0,0.3978,0.1919,-24.206,0.0745,0.8617,0.6129,0.3694,0.1105,118.76,230995,29
TRK000592,Track_0592,Artist_316,pop,11,0,0.6817,-0.5536655082264165,-15.091,0.1763,0.5705,0.0501,0.2452,0.58,171.6,205264,42
TRK000593,Track_0593,Artist_084,latin,4,0,0.8848,0.5873,-15.914,0.1331,0.2291,0.0144,0.3985,0.4674,149.11,188700,58
TRK000594,Track_0594,Artist_342,hip-hop,9,0,0.6266,0.6323,-11.297,0.0975,0.3688,0.1907,0.519,0.77,117.24,181310,64
TRK000595,Track_0595,Artist_112,country,11,0,0.651,0.3684,-13.489,0.0826,0.6146,0.2125,0.1788,0.5964,135.22,174484,29
TRK000596,Track_0596,Artist_280,jazz,5,1,0.6695,0.6081,-4.0,0.2177,0.5433,0.1596,0.3589,0.605,174.43,262828,44
TRK000597,Track_0597,Artist_203,pop,10,1,0.7157,0.8969,-4.793,0.0278,0.1111,0.0187,0.1514,0.3195,83.23,222351,70
TRK000598,Track_0598,Artist_273,pop,5,1,0.7911,0.5185,-15.337,0.0412,0.1387,0.0184,0.1551,0.3494,91.55,162796,57
TRK000599,Track_0599,Artist_220,country,1,0,0.5971,0.8713,-5.96,0.0615,0.1981,0.206,0.4738,0.6092,105.91,268358,53
TRK000600,Track_0600,Artist_225,rock,0,1,0.595,0.7445,-7.476,0.2076,0.5402,0.2302,0.0531,0.5737,128.08,205932,58
TRK000601,Track_0601,Artist_216,rnb,1,1,0.7596,0.4699,-15.136,0.1024,0.5353,0.011,0.0726,0.7254,149.11,168644,54
TRK000602,Track_0602,Artist_272,pop,11,0,0.4517,0.7935,-8.577,0.0772,0.3841,0.0073,0.1142,0.0067,100.58,298896,55
TRK000603,Track_0603,Artist_258,jazz,5,0,0.5791,0.5945,-11.861,0.2632,0.3146,0.1234,0.2744,0.382,95.63,160725,36
TRK000604,Track_0604,Artist_047,country,3,1,0.4954,0.4789,-12.595,0.0373,0.623,0.0346,0.4006,0.5912,85.27,172864,48
TRK000605,Track_0605,Artist_289,rock,5,0,0.8296,0.5413,-12.464,0.3445,0.3247,0.1414,0.0362,0.5521,95.62,210009,40
TRK000606,Track_0606,Artist_188,,3,1,0.6395,,-19.815,0.1494,0.6773,0.1275,0.1238,0.3511,103.64,224500,29
TRK000607,Track_0607,Artist_113,latin,10,0,0.5988,0.3904,-16.885,0.1079,0.5666,0.2047,0.2917,0.1659,61.42,176121,34
TRK000608,Track_0608,Artist_180,rock,11,0,0.5847,0.2072,-20.352,0.0357,0.8786,0.0791,0.1083,0.5762,106.28,110512,46
TRK000609,Track_0609,Artist_338,hip-hop,1,1,0.5652,0.932,,0.1321,0.0,0.162,0.1046,0.5432,92.61,211461,61
TRK000610,Track_0610,Artist_300,hip-hop,8,0,0.3931,0.7394,-9.29,0.0528,0.0,0.1131,0.2858,0.6826,117.41,162931,48
TRK000611,Track_0611,Artist_291,rock,4,0,0.657,0.6126,-9.106,0.2568,0.472,0.1187,0.2882,0.8239,169.55,193842,61
TRK000612,Track_0612,Artist_162,country,0,0,0.6581,0.901,-4.684,0.185,0.1768,0.0682,0.21,0.8986,77.38,173539,63
TRK000613,Track_0613,Artist_274,country,11,0,0.3814,0.5709,-15.299,0.329,0.4494,0.0242,0.1846,0.4156,150.39,161237,51
TRK000614,Track_0614,Artist_135,hip-hop,0,1,0.8073,0.6654,-7.106,0.0655,0.5025,0.1326,0.3338,0.559,168.7,198009,53
TRK000615,Track_0615,Artist_240,country,2,0,0.4536,0.2626,-17.307,0.132,0.701,0.3075,0.3059,0.2466,149.02,181555,46
TRK000616,Track_0616,Artist_224,pop,0,0,0.6533,0.637,-13.029,0.3697,0.4137,0.0698,0.3479,0.9212,131.59,172197,78
TRK000617,Track_0617,Artist_088,pop,5,1,0.6802,0.458,-14.728,0.0619,0.479,0.1878,0.4077,0.4782,158.79,253452,63
TRK000618,Track_0618,Artist_093,electronic,7,1,0.6946,0.8112,-7.896,0.0403,0.1423,0.1741,0.2779,0.836,139.72,165228,66
TRK000619,Track_0619,Artist_022,metal,3,0,0.4423,0.5561,-10.278,0.1021,0.5052,0.0769,0.2371,0.5305,153.1,198637,48
TRK000620,Track_0620,Artist_049,pop,0,1,0.7107,0.4317,-15.321,0.1628,0.9763,0.228,0.263,0.4468,125.32,208313,57
TRK000621,Track_0621,Artist_152,pop,1,0,0.7854,0.5379,-12.327,0.1944,0.5957,0.044,0.1208,0.5461,92.31,133922,48
TRK000622,Track_0622,Artist_167,hip-hop,11,1,0.5006,0.8472,-5.779,0.1095,0.2516,0.1003,0.3541,0.7848,154.59,159703,55
TRK000623,Track_0623,Artist_058,country,9,1,,0.6401,-13.174,0.1995,0.4991,0.237,0.4399,0.4701,195.07,208220,42
TRK000624,Track_0624,Artist_146,pop,11,1,0.5806,0.94,-0.228,0.1749,0.0,0.0464,0.1388,0.5586,112.47,206534,55
TRK000625,Track_0625,Artist_211,hip-hop,6,0,0.6214,0.0686,-21.033,0.0854,0.9888,0.164,0.1415,0.2084,122.63,174532,54
TRK000626,Track_0626,Artist_082,classical,6,0,0.6468,0.5171,-14.267,0.0445,0.6468,0.1251,0.2569,0.5797,125.14,208828,52
TRK000627,Track_0627,Artist_119,hip-hop,9,1,0.4251,0.3823,-15.167,0.2232,0.6329,0.0466,0.2379,0.2821,80.87,222046,61
TRK000628,Track_0628,Artist_129,pop,7,1,0.6097,0.661,-7.315,0.1808,0.3312,0.0326,0.1385,0.6626,98.25,236407,68
TRK000629,Track_0629,Artist_177,pop,5,0,0.5895,0.9426,-3.14,0.297,0.0,0.0843,0.5185,1.0,130.53,239989,56
TRK000630,Track_0630,Artist_128,hip-hop,3,0,0.6421,0.7007,-5.159,0.1894,0.2212,0.0377,0.4908,0.6774,119.37,264408,72
TRK000631,Track_0631,Artist_258,hip-hop,5,0,0.6731,0.5798,-4.824,0.0678,0.2701,0.1517,0.1107,0.8806,122.47,214843,56
TRK000632,Track_0632,Artist_115,rnb,0,1,0.7195,0.668,-9.582,0.2299,0.5119,0.0146,0.3302,0.4789,122.74,147497,67
TRK000633,Track_0633,Artist_152,jazz,2,0,0.8605,0.729,-9.244,0.0293,0.5413,0.1159,0.3508,0.8155,118.75,196691,73
TRK000634,Track_0634,Artist_133,jazz,8,1,0.6922,0.739,-9.919,0.3621,0.6093,0.0147,0.3159,0.8461,100.56,152892,69
TRK000635,Track_0635,Artist_064,metal,10,1,0.7836,0.5765,-16.186,0.183,0.2705,0.0051,0.1274,0.8528,134.18,248026,66
TRK000636,Track_0636,Artist_240,hip-hop,1,1,0.8702,0.4019,-12.413,0.1784,0.4778,0.1779,0.3901,0.8125,131.2,271790,64
TRK000637,Track_0637,Artist_083,hip-hop,1,0,0.7473,0.638,-10.742,0.0279,0.2271,0.1352,0.3497,0.6126,97.35,209724,59
TRK000638,Track_0638,Artist_104,latin,1,1,0.5913,0.6094,-8.667,0.236,0.2073,0.0311,0.1068,0.6896,133.61,262304,68
TRK000639,Track_0639,Artist_277,rock,9,1,0.5029,0.5391,-9.771,0.3415,0.2804,0.0356,0.126,0.2819,104.54,259230,45
TRK000640,Track_0640,Artist_332,classical,3,0,0.5692,0.4375,-16.753,0.1626,0.4697,0.0488,0.209,0.7486,140.29,223665,44
TRK000641,Track_0641,Artist_235,classical,3,1,0.9348,0.4974,-15.105,0.2277,0.66,0.0797,0.3222,0.4733,120.79,233700,57
TRK000642,Track_0642,Artist_320,pop,0,1,0.4916,0.6883,-5.019,0.0224,0.1825,0.1729,0.1198,0.7379,133.04,252692,68
TRK000643,Track_0643,Artist_299,hip-hop,11,1,0.7559,0.8002,-6.549,0.3342,0.3893,0.1723,0.0685,0.8581,126.93,147179,75
TRK000644,Track_0644,Artist_168,pop,5,1,0.5854,0.7905,-8.062,0.1981,0.4556,0.0108,0.1367,0.7768,120.42,221151,54
TRK000645,Track_0645,Artist_269,pop,9,0,0.7909,0.8259,-8.13,0.0723,0.2254,0.1394,0.4419,1.0,131.16,234933,80
TRK000646,Track_0646,Artist_115,hip-hop,8,1,0.3867,0.7343,-8.158,0.0597,0.487,0.0565,0.1432,0.6705,145.58,145447,61
TRK000647,Track_0647,Artist_161,rock,1,1,0.5777,0.5583,-8.4,0.1014,,0.1091,0.1611,0.2666,125.37,296049,40
TRK000648,Track_0648,Artist_187,country,9,0,0.7353,0.5747,-9.849,0.2226,0.3249,0.0607,0.1823,0.6882,124.92,259163,45
TRK000649,Track_0649,Artist_336,rnb,6,1,0.4921,0.5911,-10.596,0.0956,0.443,0.0917,0.1313,0.1382,112.09,259532,57
TRK000650,Track_0650,Artist_297,country,7,0,0.6251,0.8073,-2.744,0.1409,0.2328,0.2104,0.4719,0.5975,71.08,228400,66
TRK000651,Track_0651,Artist_171,rock,2,1,,0.6782,-6.009,0.205,0.5791,0.2487,0.4603,0.39,122.94,167313,56
TRK000652,Track_0652,Artist_228,rock,10,1,0.8842,0.8721,-4.078,0.1548,0.0,0.0142,0.0913,0.8679,86.54,152918,53
TRK000653,Track_0653,Artist_071,rock,11,0,0.7116,0.753,-1.327,0.1154,0.1504,0.1653,0.0832,0.4856,106.15,205535,50
TRK000654,Track_0654,Artist_281,pop,4,0,0.525,0.7549,-7.937,0.4268,0.2298,0.1364,0.0204,0.4077,97.75,241357,57
TRK000655,Track_0655,Artist_194,latin,1,0,0.8042,0.2207,-16.729,0.2617,0.686,0.0581,0.1893,0.5793,101.91,234412,60
TRK000656,Track_0656,Artist_186,hip-hop,10,1,0.5449,0.8003,-7.258,0.351,0.012,0.0387,0.297,0.7868,103.65,286960,69
TRK000657,Track_0657,Artist_268,rock,10,0,0.447,0.5944,-8.937,0.0349,0.3198,0.0419,0.294,0.4597,135.59,196018,42
TRK000658,Track_0658,Artist_221,country,6,1,0.666,0.7719,-7.564,0.0392,0.1839,0.0115,0.5209,1.0,131.32,193798,61
TRK000659,Track_0659,Artist_026,hip-hop,6,0,0.6767,0.3896,-14.413,0.2518,0.8709,0.2331,0.4536,0.4291,125.11,210349,57
TRK000660,Track_0660,Artist_101,pop,2,1,0.7374,0.265,-12.912,0.1397,0.5514,0.1255,0.2515,0.5969,155.86,157971,61
TRK000661,Track_0661,Artist_062,pop,0,1,0.6714,0.5683,-9.403,0.3774,0.5784,0.0035,0.1712,0.6125,207.64,277584,75
TRK000662,Track_0662,Artist_257,electronic,11,0,0.8289,0.3503,-15.244,0.1235,0.8787,0.2153,0.2201,0.4839,136.21,198747,65
TRK000663,Track_0663,Artist_013,country,5,1,0.611,0.7107,-10.068,0.1372,0.197,0.2453,0.144,0.8098,147.43,221395,63
TRK000664,Track_0664,Artist_071,pop,3,1,0.7177,0.5882,-10.646,0.1476,0.4586,0.1309,0.1326,0.4186,129.85,246644,51
TRK000665,Track_0665,Artist_209,rnb,8,0,0.8448,0.5262,-14.64,0.1606,0.5774,0.1723,0.2908,0.2407,140.14,176131,44
TRK000666,Track_0666,Artist_243,rnb,0,0,0.7188,0.3693,-13.923,0.2511,0.7046,0.1717,0.2985,0.48,76.52,222482,39
TRK000667,Track_0667,Artist_176,country,0,1,0.6961,0.6073,-8.743,0.5332,0.4075,0.05,0.1838,0.5296,55.0,209654,55
TRK000668,Track_0668,Artist_301,rock,2,0,0.6799,0.4802,-13.83,0.1152,0.3976,0.3095,0.312,0.7154,62.81,253892,43
TRK000669,Track_0669,Artist_321,pop,5,0,0.7958,0.4704,-9.991,0.1267,0.6488,0.018,0.0994,0.3478,104.51,210378,63
TRK000670,Track_0670,Artist_047,rnb,4,1,0.5933,0.4899,-9.872,0.0247,0.4427,0.0385,0.1827,0.5827,160.27,81439,57
TRK000671,,Artist_333,rock,2,1,0.6807,0.3678,-15.579,0.064,0.6374,0.0555,0.189,0.5575,129.15,167949,48
TRK000672,Track_0672,Artist_215,electronic,4,0,0.7241,0.6246,-9.015,0.0389,0.4071,0.0114,0.1555,0.6526,111.06,142511,67
TRK000673,Track_0673,Artist_223,classical,4,0,0.6197,0.8783,-5.972,0.1879,0.2758,0.0244,0.1273,0.8242,137.94,296723,52
TRK000674,Track_0674,Artist_034,pop,6,0,0.41,0.7557,-7.974,0.2193,,0.0975,0.2351,0.4948,131.89,273656,42
TRK000675,Track_0675,Artist_218,country,6,1,0.6075,0.8852,-6.896,0.0354,0.0,0.0374,0.266,0.6426,84.06,113232,49
TRK000676,Track_0676,Artist_254,latin,10,0,0.7074,0.763,-8.267,0.2562,0.2465,0.385,0.2568,0.7164,135.13,164525,61
TRK000677,Track_0677,Artist_203,classical,9,1,0.6367,0.8857,-4.743,0.1673,0.0,0.0049,0.3679,0.6282,145.31,147677,73
TRK000678,Track_0678,Artist_030,hip-hop,3,1,0.9111,0.4837,-17.012,0.4731,0.783,0.0878,0.1242,0.3857,180.82,219739,72
TRK000679,Track_0679,Artist_183,rnb,10,1,0.7318,0.5741,-10.102,0.1101,0.4338,0.1215,0.3651,0.5063,119.77,166984,51
TRK000680,Track_0680,Artist_327,electronic,6,1,0.6743,0.6274,-7.949,0.1759,0.3187,,0.2794,0.5264,169.43,198053,63
TRK000681,Track_0681,Artist_253,classical,2,1,0.7832,0.5971,-10.882,0.136,0.4123,0.2078,0.1104,0.5102,110.67,148026,38
TRK000682,Track_0682,Artist_048,country,4,0,0.3757,0.6177,-16.345,0.0964,0.4008,0.1112,0.3351,0.3783,187.14,229364,56
TRK000683,Track_0683,Artist_336,classical,8,0,0.4464,0.6258,-10.79,0.5993,0.2425,0.2206,0.4033,0.5022,105.34,134432,49
TRK000684,Track_0684,Artist_335,rock,9,0,0.8458,0.6146,-13.544,0.2008,0.5992,0.1516,0.1638,0.5964,139.99,322638,61
TRK000685,Track_0685,Artist_060,pop,4,1,,0.4818,-14.742,0.0256,0.6343,0.3014,0.3404,0.6838,130.03,277695,40
TRK000686,Track_0686,Artist_280,rock,1,1,0.68,0.5736,-8.187,0.1026,0.5676,0.1966,0.3519,0.7133,163.71,321675,55
TRK000687,Track_0687,Artist_142,hip-hop,2,0,0.5451,0.704,-13.867,0.2643,0.1736,0.2571,0.3455,0.1135,159.93,237287,66
TRK000688,Track_0688,,hip-hop,1,0,0.5593,0.7616,-9.04,0.0877,0.1062,0.0746,0.4036,0.3103,92.81,280064,58
TRK000689,Track_0689,Artist_156,electronic,8,1,0.8615,0.6291,-8.334,0.2439,0.3504,0.1238,0.3621,0.225,112.59,250175,55
TRK000690,Track_0690,Artist_274,hip-hop,6,1,0.8621,0.6234,-11.828,0.0425,0.5205,0.0634,0.2925,0.6069,181.54,164798,61
TRK000691,Track_0691,Artist_348,country,5,0,0.5877,0.796,-8.2,0.0817,0.2943,0.0843,0.5135,0.5326,124.77,193248,46
TRK000692,Track_0692,Artist_278,rnb,8,1,0.67,0.2188,-14.716,0.1732,0.6413,0.0145,0.5043,0.4552,144.79,229082,46
TRK000693,Track_0693,Artist_326,,9,1,,0.8026,-5.511,0.2503,0.3176,0.0327,0.4288,0.8495,92.03,261849,51
TRK000694,Track_0694,Artist_331,classical,9,1,0.5836,0.7938,-4.481,0.1393,0.0312,0.0854,0.2787,0.5827,115.11,209703,57
TRK000695,Track_0695,Artist_032,jazz,1,0,0.6574,,-13.772,0.1947,0.4654,0.0072,0.48,0.3827,102.16,234956,55
TRK000696,Track_0696,Artist_089,electronic,7,1,0.708,0.5501,-11.541,0.0649,0.4782,0.3815,0.0843,0.5604,147.93,195030,49
TRK000697,Track_0697,Artist_252,pop,10,1,0.5558,0.6006,-8.005,0.1802,0.1885,0.0812,0.1226,0.4214,142.65,191441,59
TRK000698,Track_0698,Artist_206,country,9,1,0.823,0.829,-1.571,0.1744,0.0,0.1655,0.1764,0.4446,156.26,143780,55
TRK000699,Track_0699,Artist_018,latin,3,0,0.8144,0.8124,-9.831,0.1179,0.467,0.29,0.093,0.8732,91.61,229921,63
TRK000700,Track_0700,Artist_034,classical,4,1,0.6776,0.6579,-9.604,0.3098,0.588,0.1589,0.1797,0.6616,137.36,187852,60
TRK000701,Track_0701,Artist_182,rnb,10,1,0.7642,0.399,-15.318,0.0651,1.0,0.0225,0.296,0.7943,122.57,152180,59
TRK000702,Track_0702,Artist_216,metal,0,0,0.6799,0.6861,-9.851,0.0291,0.395,0.0127,0.0222,0.3734,55.0,183318,59
TRK000703,Track_0703,Artist_059,rock,6,1,0.9032,0.3345,-14.482,0.2059,0.7815,0.1008,0.2072,0.2829,134.97,222838,52
TRK000704,Track_0704,Artist_060,electronic,1,0,0.3693,0.7238,-7.51,0.2499,0.2483,0.0064,0.523,0.3011,158.18,240064,57
TRK000705,Track_0705,Artist_046,hip-hop,10,1,0.6162,0.4912,-8.957,0.1187,0.4457,0.0561,0.1916,0.571,165.98,201699,57
TRK000706,Track_0706,Artist_198,metal,0,1,0.5875,0.6134,-8.084,0.1755,0.5435,0.2427,0.2578,0.6837,121.01,258068,52
TRK000707,Track_0707,Artist_003,pop,0,1,0.665,0.5948,-7.912,0.3911,0.6504,0.0351,0.5065,0.6089,145.23,277061,67
TRK000708,Track_0708,Artist_200,hip-hop,3,0,0.6559,0.7593,-9.933,0.0997,0.3823,0.022,0.2509,0.6368,137.27,197096,61
TRK000709,Track_0709,Artist_167,rnb,2,0,0.7643,0.3763,-17.494,0.0424,0.4725,0.2643,0.1077,0.6794,100.72,253818,55
TRK000710,Track_0710,Artist_163,rock,5,1,0.3859,0.4535,-15.614,0.2153,0.6169,0.2063,0.4859,0.2997,96.89,179967,29
TRK000711,Track_0711,Artist_238,country,3,0,0.7359,0.5308,-9.411,0.0876,0.3305,0.2583,0.2625,0.7571,120.66,151483,35
TRK000712,Track_0712,Artist_183,hip-hop,4,1,0.7182,0.8745,-6.89,0.1857,0.0671,0.0116,0.0909,1.0,115.4,167485,71
TRK000713,Track_0713,Artist_254,metal,6,1,0.1902,0.5611,-13.719,0.1996,0.7334,0.0233,0.2237,0.1407,124.47,171094,28
TRK000714,Track_0714,Artist_267,rnb,6,1,0.8733,0.6395,-12.398,,0.1446,0.1935,0.0761,0.6211,110.3,190301,76
TRK000715,Track_0715,Artist_322,rock,11,1,0.7616,0.6013,-4.716,0.5491,0.7891,0.0527,0.0494,0.353,127.95,299201,43
TRK000716,Track_0716,Artist_279,country,5,0,0.5864,0.6402,-10.228,0.1759,0.4587,0.0488,0.2602,0.3642,92.14,186437,54
TRK000717,Track_0717,Artist_181,rock,6,1,0.6177,0.4208,-13.576,0.0384,0.4953,,0.1264,0.5459,164.66,193060,39
TRK000718,Track_0718,Artist_172,electronic,8,0,0.7107,0.2672,-20.631,0.4781,0.7451,0.3161,0.4615,0.1599,71.04,216912,43
TRK000719,Track_0719,Artist_083,jazz,2,1,0.8393,0.4705,-11.54,0.3923,0.4062,0.2444,0.2466,0.452,119.73,150568,39
TRK000720,Track_0720,Artist_210,country,8,1,0.6576,0.5519,-15.759,0.2194,0.3496,,0.1684,0.7288,116.3,216565,39
TRK000721,Track_0721,,pop,10,1,,0.5335,-14.416,0.2172,0.4796,0.1508,0.3978,0.5345,118.21,239551,58
TRK000722,Track_0722,Artist_326,rock,3,0,0.5359,0.37,-17.47,0.0656,0.5708,0.0066,0.0983,0.5589,98.37,276716,40
TRK000723,Track_0723,Artist_295,jazz,2,1,0.6893,0.6807,-8.543,0.2309,0.1513,0.0586,0.1872,0.3656,79.69,269123,57
TRK000724,Track_0724,Artist_042,electronic,4,1,0.4601,0.7355,-9.563,0.0647,0.2246,0.1693,0.3313,0.5267,128.73,226339,63
TRK000725,Track_0725,Artist_275,hip-hop,3,1,0.4283,0.5683,-8.144,0.1546,0.1951,0.3998,0.2955,0.7813,116.26,199948,37
TRK000726,Track_0726,Artist_041,pop,7,1,0.6776,0.455,-12.883,0.0851,0.3161,0.5089,0.4497,0.395,132.77,202550,60
TRK000727,Track_0727,Artist_252,rock,10,1,0.6973,0.7073,-9.956,0.1233,0.0619,0.352,0.4204,0.5235,75.8,228338,41
TRK000728,Track_0728,Artist_031,rnb,7,1,0.3446,0.8572,-2.947,0.2124,0.4436,0.0195,0.1085,0.6098,170.06,207901,49
TRK000729,Track_0729,Artist_171,pop,1,1,0.7407,0.5442,-12.894,0.0331,0.5289,0.0033,0.1473,0.4118,119.76,205916,46
TRK000730,Track_0730,Artist_230,hip-hop,3,1,0.5,0.5584,-13.014,0.2388,0.5489,0.1064,0.1782,0.5995,55.0,167946,40
TRK000731,Track_0731,,latin,8,1,0.6353,0.8714,-2.858,0.0513,0.1306,0.2317,0.7717,0.3175,127.29,240180,33
TRK000732,Track_0732,Artist_147,pop,3,0,0.3978,0.814,-11.488,0.2658,0.2771,0.0515,0.1493,0.0773,108.79,223398,48
TRK000733,Track_0733,Artist_322,classical,7,0,0.3448,0.4277,-12.974,0.1635,0.784,0.1567,0.0769,0.4115,90.27,175966,38
TRK000734,Track_0734,Artist_271,rock,8,0,0.6256,0.5995,-12.38,0.1012,0.4739,0.399,0.3872,0.365,156.5,277005,40
TRK000735,Track_0735,Artist_073,rnb,3,1,0.4217,0.3137,-18.672,0.0487,0.9816,0.2515,0.3123,0.2477,148.03,219384,21
TRK000736,Track_0736,Artist_235,classical,7,1,0.3288,0.8192,-1.669,0.8893106860987036,0.1741,0.2525,0.1217,0.6425,131.57,145915,28
TRK000737,Track_0737,Artist_255,rnb,4,0,0.5365,0.7901,-7.786,0.2898,0.3177,0.103,0.0573,0.6803,124.16,252520,55
TRK000738,Track_0738,Artist_117,pop,1,0,0.6626,0.4657,-11.652,0.1009,0.6611,0.1019,0.1729,0.2902,136.14,179730,60
TRK000739,Track_0739,Artist_258,electronic,4,1,0.3258,0.7419,-7.063,0.1558,0.0903,0.1448,0.2204,0.5499,77.82,191559,52
TRK000740,Track_0740,Artist_314,country,5,0,0.8372,0.7261,-7.184,0.1039,0.2816,0.0347,0.6404,0.6268,127.37,201588,74
TRK000741,Track_0741,Artist_286,rock,0,0,0.7744,0.7639,-7.745,0.5601,0.0,0.2007,0.1776,0.7409,156.65,248844,56
TRK000742,Track_0742,Artist_267,rock,10,0,0.4214,0.7094,-9.06,0.0936,0.2673,0.3542,0.1275,0.4843,151.12,207401,46
TRK000743,Track_0743,Artist_222,pop,6,1,0.6803,0.3074,-13.875,0.1511,0.6423,0.007,0.2208,0.1931,92.58,237825,50
TRK000744,Track_0744,Artist_095,latin,0,0,0.5354,0.7216,-6.077,0.2953,0.2174,0.0092,0.2033,0.4151,127.2,139188,41
TRK000745,Track_0745,Artist_278,jazz,10,0,0.5361,0.5764,-12.418,0.1076,0.3502,0.1744,0.3648,0.0588,90.56,160350,38
TRK000746,Track_0746,Artist_128,electronic,10,1,0.4986,0.5134,-15.006,0.1649,0.5787,0.0243,0.2882,0.4874,126.4,211438,57
TRK000747,Track_0747,Artist_186,classical,0,0,0.5655,0.4261,-15.911,0.158,0.4144,0.0771,0.2018,0.525,100.94,177367,52
TRK000748,Track_0748,Artist_110,electronic,1,0,0.7431,0.7694,-4.913,0.2114,0.5654,0.4097,0.148,0.5269,97.64,200804,59
TRK000749,Track_0749,Artist_110,hip-hop,4,1,0.6579,0.648,-7.151,0.1295,0.4542,0.0753,0.3196,0.552,132.03,243564,72
TRK000750,Track_0750,Artist_056,hip-hop,6,1,0.47,0.8072,-5.022,0.4127,0.0483,0.2755,0.1081,0.3687,101.68,173857,56
TRK000751,Track_0751,Artist_336,jazz,8,0,0.5886,0.4006,-18.743,0.1672,0.7159,0.1147,0.0962,0.6813,99.75,176909,49
TRK000752,Track_0752,Artist_052,pop,5,0,0.5297,0.2776,-16.233,0.1,0.9014,0.1494,0.0557,0.1541,131.85,214937,58
TRK000753,Track_0753,Artist_031,rnb,7,0,0.6858,0.6045,-7.834,0.065,0.462,0.1693,0.3131,0.5142,80.52,114315,46
TRK000754,Track_0754,Artist_327,country,0,1,0.7583,0.5794,-10.871,0.2388,0.2395,0.2037,0.322,0.3604,112.98,255340,61
TRK000755,Track_0755,Artist_194,rock,7,1,0.6808,0.8471,-1.009,0.1893,0.5556,0.0394,0.2558,0.6951,78.96,215856,48
TRK000756,Track_0756,Artist_153,electronic,10,0,0.4659,0.6751,-12.053,0.1691,0.44,0.2053,0.2782,0.6828,84.06,214187,50
TRK000757,Track_0757,Artist_258,pop,6,1,0.7799,0.4065,-13.55,0.2515,0.3689,0.0049,0.1519,0.1696,154.78,185730,37
TRK000758,Track_0758,Artist_134,metal,5,1,0.8703,0.6685,-11.538,,0.3692,0.1336,0.1959,0.7933,110.34,241007,60
TRK000759,Track_0759,Artist_045,rnb,3,0,0.3175,0.6498,-7.375,0.1214,0.3105,0.0447,0.0715,0.714,101.92,202736,60
TRK000760,Track_0760,Artist_255,latin,11,0,0.4901,0.4403,-12.965,0.1054,0.5609,0.4608,0.5328,0.4478,145.83,265176,29
TRK000761,Track_0761,Artist_062,rock,0,1,0.3709,0.6478,-5.786,0.2366,0.1374,0.1241,0.1974,0.3222,167.25,133008,39
TRK000762,Track_0762,Artist_193,pop,3,1,0.9081,0.2817,-16.704,0.2109,0.7281,0.0246,0.6338,0.5504,129.05,212846,57
TRK000763,Track_0763,Artist_332,pop,1,1,0.5575,0.7677,-8.0,0.0667,0.0827,0.1301,0.2397,0.4713,150.58,211907,56
TRK000764,Track_0764,Artist_327,pop,10,0,0.9236,0.4725,-14.684,0.2147,0.4645,0.1873,0.1947,0.9846,106.55,224007,57
TRK000765,Track_0765,Artist_126,pop,5,0,0.6656,0.4999,,0.1416,0.5698,0.0805,0.1573,0.6748,123.52,273164,59
TRK000766,Track_0766,Artist_273,pop,11,0,0.5691,0.4707,-14.767,0.1128,0.4435,0.2605,0.0637,0.6329,122.21,148629,68
TRK000767,Track_0767,Artist_214,metal,7,0,0.6625,0.5307,-9.361,0.1272,0.417,0.059,0.0272,0.9218,131.07,147244,49
TRK000768,Track_0768,Artist_168,pop,6,0,0.4445,0.6232,-7.483,0.0541,0.5244,0.183,0.2093,0.7101,149.01,194111,57
TRK000769,Track_0769,Artist_049,,6,0,0.5576,0.5346,-15.531,0.0992,0.3054,0.0902,0.2544,0.4662,80.85,124836,56
TRK000770,Track_0770,Artist_132,country,2,1,0.8756,,-6.826,0.1626,0.1065,0.4607,0.2886,0.7204,97.08,313794,52
TRK000771,Track_0771,Artist_228,electronic,6,1,0.6973,0.0979,-21.709,0.1019,0.6763,0.1101,0.2613,0.8228,108.41,252003,51
TRK000772,Track_0772,Artist_345,country,8,1,0.6228,0.5194,-14.291,0.1821,0.3325,0.3674,0.4327,0.379,94.84,233276,39
TRK000773,Track_0773,Artist_002,,11,1,0.4335,0.8974,-3.294,0.1637,0.1259,0.0125,0.1984,0.5283,128.43,245230,60
TRK000774,Track_0774,Artist_251,rnb,6,0,0.7209,0.3821,-12.379,0.1673,0.733,0.1356,0.2161,0.3258,128.09,267196,46
TRK000775,Track_0775,Artist_296,electronic,11,1,0.7174,0.7125,-6.363,0.2195,0.1424,0.0067,0.2432,0.2949,123.64,182340,43
TRK000776,Track_0776,Artist_332,electronic,11,0,0.4942,0.7421,-4.711,0.0956,0.3677,0.24,0.3382,0.3738,110.72,193754,34
TRK000777,Track_0777,Artist_148,jazz,6,1,0.774,0.1213,-22.911,0.0798,0.8976,0.2008,0.4852,0.2859,159.74,225402,20
TRK000778,Track_0778,Artist_042,hip-hop,5,1,0.6613,0.6266,-10.134,0.1082,0.1245,0.1764,0.0753,0.4544,128.07,187309,51
TRK000779,Track_0779,Artist_095,,1,0,0.6915,0.4267,-16.297,0.0725,0.6047,0.0691,0.093,0.6207,117.79,168260,56
TRK000780,Track_0780,Artist_297,hip-hop,3,1,0.7473,0.6586,-8.984,0.2492,0.5564,0.0061,0.0731,0.6146,123.86,186171,55
TRK000781,Track_0781,Artist_307,pop,10,1,0.756,0.7811,-6.091,0.2944,0.0,0.3478,0.3001,0.8455,142.84,227177,63
TRK000782,Track_0782,Artist_223,country,1,0,0.7023,0.7136,-6.189,0.0536,0.6473,0.0109,0.1396,0.643,127.99,251015,49
TRK000783,Track_0783,Artist_043,rock,4,0,0.8557,0.3827,-12.691,0.363,0.5074,0.0927,0.2525,0.6012,97.8,152813,43
TRK000784,Track_0784,Artist_043,pop,8,1,0.8073,0.6534,-8.11,0.2594,0.0498,0.3251,0.1248,0.5895,171.36,201461,81
TRK000785,Track_0785,Artist_167,rock,2,0,0.6256,0.4853,-15.217,0.1503,0.5397,0.1011,0.4526,0.8518,134.94,207568,43
TRK000786,Track_0786,Artist_206,country,11,1,0.6033,0.5898,-14.0,0.0866,0.5598,0.0321,0.3596,0.4517,89.74,147419,35
TRK000787,Track_0787,Artist_012,rock,7,0,0.7764,0.7484,-6.391,0.1257,0.2011,0.1535,0.2728,0.8263,71.16,230197,50
TRK000788,Track_0788,Artist_240,jazz,0,1,0.4919,0.8385,-2.252,0.1622,0.2176,0.1182,0.3121,0.352,141.29,205181,48
TRK000789,Track_0789,Artist_191,rnb,2,0,0.706,0.7702,-7.111,0.0677,0.6114,0.0292,0.1745,0.5935,158.19,167765,53
TRK000790,Track_0790,Artist_005,pop,8,0,0.6398,0.439,-17.703,0.1962,0.598,0.3475,0.3873,0.8529,134.66,188294,59
TRK000791,,,classical,10,1,0.6655,0.5166,-8.049,0.0611,1.0,0.1064,0.3066,0.6536,139.16,234086,43
TRK000792,Track_0792,Artist_159,rock,11,0,0.7614,0.6148,-9.398,0.1211,0.6128,0.1486,0.4306,0.3558,139.86,254004,44
TRK000793,Track_0793,Artist_253,pop,10,1,0.3082,0.4637,-13.423,-0.6935795356714234,0.5456,0.0618,0.0795,0.1652,122.13,225281,38
TRK000794,Track_0794,Artist_289,jazz,0,0,0.3801,0.6726,-11.772,0.1541,0.3799,0.1216,0.1789,0.7448,74.92,295774,46
TRK000795,Track_0795,Artist_151,rnb,8,0,0.6503,0.7582,-7.285,0.0727,0.1843,0.0634,0.1474,0.6239,102.43,260192,63
TRK000796,Track_0796,Artist_104,rock,1,1,0.4811,0.6905,-7.298,0.236,0.3544,0.0969,0.1428,0.4586,144.25,234810,54
TRK000797,Track_0797,Artist_338,electronic,0,0,0.8567,0.7426,-6.557,0.3293,0.3585,0.2481,0.0449,0.5552,138.41,178376,73
TRK000798,Track_0798,Artist_161,rock,8,0,0.7715,0.331,-18.214,0.2437,0.5963,0.3997,0.3637,0.4559,116.52,260902,31
TRK000799,Track_0799,Artist_111,electronic,5,1,0.3243,0.4572,-14.066,0.1313,0.2944,0.0524,0.0991,0.6105,106.65,175412,36
TRK000800,Track_0800,Artist_155,electronic,7,1,0.6797,0.6205,-11.705,0.3321,0.6174,0.1418,0.1833,0.447,126.87,243606,45
TRK000801,Track_0801,Artist_005,electronic,10,1,0.3469,0.7359,-4.149,0.0757,0.4393,0.1414,0.3058,0.3553,112.39,100019,47
TRK000802,Track_0802,Artist_106,electronic,0,1,,0.6366,-8.027,0.259,0.1084,0.1267,0.2738,0.7862,119.77,187779,53
TRK000803,Track_0803,Artist_180,pop,6,1,0.497,0.6223,-11.463,0.2027,0.4085,0.0281,0.2398,0.3043,125.7,147102,47
TRK000804,Track_0804,Artist_321,jazz,10,1,0.7481,0.7858,-9.283,0.1033,0.3991,0.0347,0.1266,0.4934,100.24,197118,61
TRK000805,Track_0805,Artist_258,jazz,5,1,0.8753,0.3628,-15.407,0.0991,0.8034,0.056,0.1838,0.572,144.4,140737,60
TRK000806,Track_0806,Artist_273,jazz,6,0,0.6447,0.5848,-12.218,0.0435,0.2903,0.0407,0.4292,0.5504,117.39,211285,56
TRK000807,Track_0807,Artist_191,pop,5,1,0.7999,0.6701,-10.177,0.0756,0.5066,0.1095,0.1622,0.4989,135.65,231018,65
TRK000808,Track_0808,Artist_039,hip-hop,10,0,0.9188,0.5357,-14.711,0.076,0.467,0.0266,0.1772,0.7361,123.78,180745,58
TRK000809,Track_0809,Artist_137,hip-hop,0,1,0.8254,0.8476,-7.578,0.0452,0.2223,0.0388,0.2879,0.7575,165.18,195598,68
TRK000810,Track_0810,Artist_348,pop,10,0,0.8085,0.3704,-15.493,0.1584,0.4641,0.1668,0.173,0.1882,137.2,219876,63
TRK000811,Track_0811,Artist_016,rock,9,1,0.7515,,-12.252,0.1103,0.0,0.0162,0.1458,0.7249,133.41,207880,60
TRK000812,Track_0812,Artist_307,hip-hop,9,1,0.5921,0.737,-2.294,0.3259,0.1231,0.0942,0.1311,0.4719,132.4,270656,65
TRK000813,Track_0813,Artist_239,classical,4,1,0.7831,0.872,-3.51,0.1997,0.2246,0.0598,0.1398,0.8527,180.35,179157,70
TRK000814,Track_0814,Artist_100,rock,6,1,0.8278,0.6332,-12.603,0.1909,0.3298,0.2386,0.2544,1.0,120.76,234175,55
TRK000815,Track_0815,Artist_272,country,4,0,0.7533,0.8116,-9.523,0.2012,0.3054,0.0002,0.3998,0.661,126.59,221710,64
TRK000816,Track_0816,Artist_293,electronic,3,0,0.6126,0.7555,-6.503,0.2914,0.4436,0.0514,0.2373,0.474,124.93,138506,53
TRK000817,Track_0817,Artist_016,classical,10,0,0.6459,0.6641,-10.263,0.202,0.2764,0.1064,0.2456,0.8213,66.95,213927,59
TRK000818,Track_0818,Artist_038,hip-hop,6,1,0.7422,0.613,-7.585,0.0997,0.3098,0.2212,0.1752,0.4475,124.6,206090,67
TRK000819,Track_0819,Artist_233,hip-hop,8,1,0.5198,0.7671,-6.505,0.2177,,0.1842,0.3072,0.893,150.46,187842,74
TRK000820,Track_0820,Artist_349,,1,0,0.4676,1.7746606335494333,-7.463,0.1142,0.0,0.1434,0.376,0.5095,136.41,289844,61
TRK000821,Track_0821,Artist_009,latin,9,0,0.7967,0.5167,-14.875,0.0292,0.2421,0.1307,0.2521,0.4765,164.31,267825,53
TRK000822,Track_0822,Artist_233,hip-hop,7,0,0.7613,0.4497,-15.593,0.0631,0.6505,0.0694,0.143,0.9758,144.0,175681,74
TRK000823,Track_0823,Artist_048,electronic,11,1,0.2429,0.4659,-12.778,0.1612,0.4764,0.1154,0.2958,0.3877,136.06,238589,33
TRK000824,Track_0824,Artist_227,electronic,1,0,0.8209,0.5968,-13.187,0.3132,0.3071,0.2322,0.1499,0.9202,146.89,243474,74
TRK000825,Track_0825,Artist_218,,6,1,0.6059,0.7112,-8.017,0.1544,0.172,0.1285,0.1794,0.5669,132.21,216564,52
TRK000826,Track_0826,Artist_032,pop,6,1,0.7731,0.4087,-17.949,0.2937,0.4511,0.1686,0.0769,0.5234,114.14,160585,58
TRK000827,Track_0827,Artist_238,hip-hop,6,0,0.5815,0.7118,-8.327,0.1634,0.4544,0.2472,0.0685,0.0342,118.4,167143,45
TRK000828,Track_0828,Artist_314,hip-hop,0,0,0.6953,0.4714,-12.815,0.1845,0.5454,0.0613,0.2241,0.71,55.27,233754,47
TRK000829,Track_0829,Artist_302,latin,5,1,0.711,0.8111,-2.94,0.1223,0.3673,0.3187,0.115,0.7232,166.66,232808,68
TRK000830,Track_0830,Artist_011,hip-hop,3,0,0.6225,0.7062,-7.923,0.2022,0.0,0.0032,0.0888,0.5572,116.45,197158,62
TRK000831,Track_0831,Artist_086,hip-hop,7,1,0.7178,0.4974,-14.853,0.1734,0.5984,0.0115,0.262,0.6537,92.78,269209,55
TRK000832,Track_0832,Artist_085,latin,2,1,0.4554,0.472,-10.33,0.0626,0.4409,0.1087,0.1241,0.427,111.74,277203,44
TRK000833,Track_0833,Artist_159,hip-hop,5,1,0.5213,0.5301,-12.741,0.5093,0.4192,0.0036,0.183,0.3003,171.2,276672,47
TRK000834,Track_0834,Artist_050,pop,7,1,0.6478,0.5459,-10.288,0.1918,0.6976,0.055,0.114,0.5979,124.01,276864,43
TRK000835,Track_0835,Artist_299,pop,0,1,0.5542,0.7825,-8.134,0.2379,0.1474,0.1946,0.2582,0.5389,129.19,209287,57
TRK000836,Track_0836,Artist_272,pop,9,0,0.6586,0.5668,12.346327060863505,0.2624,0.5218,0.0373,0.2702,0.6781,180.41,149931,47
TRK000837,Track_0837,Artist_283,pop,8,0,0.8595,0.4155,-16.623,0.1039,0.4013,0.2506,0.3383,0.5317,145.39,195491,60
TRK000838,Track_0838,Artist_070,hip-hop,0,0,0.4013,0.6736,-8.471,0.1868,0.3329,0.0999,0.0761,0.382,113.93,204832,64
TRK000839,Track_0839,Artist_006,classical,0,1,0.7787,0.6752,-7.377,0.0428,0.0384,0.0804,0.2126,0.5388,74.4,181661,48
TRK000840,Track_0840,Artist_318,classical,10,1,0.6488,0.7833,-7.857,0.1513,0.2064,0.0154,0.4341,0.457,139.89,192863,60
TRK000841,Track_0841,Artist_101,pop,3,0,0.6805,0.5728,-12.611,0.2453,0.4966,0.0849,0.1819,0.4626,103.01,158004,52
TRK000842,Track_0842,Artist_230,electronic,10,0,0.8277,0.7255,-7.254,0.0742,0.4737,0.0901,0.2867,0.7541,140.48,242149,63
TRK000843,Track_0843,Artist_318,pop,5,1,0.6563,0.5568,-13.565,0.2014,0.2959,0.1761,0.152,0.4053,120.65,283273,47
TRK000844,Track_0844,Artist_013,latin,4,0,0.7864,0.4589,-17.243,0.0175,0.4459,0.0136,0.2162,0.3529,133.45,317189,54
TRK000845,Track_0845,Artist_002,pop,3,1,0.8252,0.3339,-15.877,0.1394,0.5501,0.0902,0.0772,0.6803,147.08,221170,71
TRK000846,Track_0846,Artist_002,electronic,7,1,0.6063,0.4956,-13.334,0.2017,,0.052,0.2652,0.4714,73.58,202277,53
TRK000847,Track_0847,Artist_055,rock,1,0,0.6677,0.2355,-19.103,0.1961,0.591,0.2434,0.0953,0.5711,125.6,208337,46
TRK000848,Track_0848,Artist_019,jazz,4,0,0.4416,0.5967,-9.727,0.1572,0.015,0.1716,0.531,0.4179,121.49,271253,47
TRK000849,Track_0849,Artist_287,hip-hop,4,0,0.4631,0.542,-10.623,0.1439,0.2703,0.1082,0.0756,0.3451,130.06,270493,46
TRK000850,Track_0850,Artist_212,classical,1,1,0.529,0.4535,-14.378,0.4204,0.5377,0.0785,0.2743,0.133,136.12,199173,51
TRK000851,Track_0851,Artist_343,rock,4,0,0.7308,0.8354,-8.09,0.2885,0.1379,0.2896,0.3087,0.4679,126.26,264155,48
TRK000852,Track_0852,Artist_280,rnb,6,0,0.4143,0.3593,-17.499,0.2218,0.74,0.0851,0.0069,0.2051,103.86,217272,24
TRK000853,Track_0853,Artist_337,hip-hop,8,1,0.7269,0.4972,-11.774,0.3206,0.6544,0.2709,0.492,0.6017,90.38,176901,47
TRK000854,Track_0854,Artist_084,classical,1,0,0.8274,0.6445,-9.521,0.1095,0.2746,0.4282,0.2694,0.6283,77.54,203041,57
TRK000855,Track_0855,Artist_101,country,10,1,0.5895,0.3072,-18.45,0.1546,0.4073,0.2133,0.2927,0.2382,125.35,286638,34
TRK000856,Track_0856,Artist_297,metal,10,0,0.5023,0.85,-7.026,0.0993,0.2226,0.1462,0.1945,0.073,136.75,242476,45
TRK000857,Track_0857,Artist_086,rock,8,0,0.7023,0.8816,-3.246,0.1288,0.1166,0.2317,0.3352,0.7578,112.42,187195,55
TRK000858,Track_0858,Artist_020,rock,11,0,0.6696,0.6689,-9.771,0.1974,0.2845,0.0869,0.2241,0.7434,145.26,252179,55
TRK000859,Track_0859,Artist_234,rock,5,0,0.7011,0.3528,-14.582,0.1319,0.8669,0.0162,0.1336,0.6626,118.79,242126,58
TRK000860,Track_0860,Artist_280,rock,9,0,0.7748,0.7664,-5.206,0.1776,0.3147,0.1944,0.2513,0.4932,119.6,196051,67
TRK000861,Track_0861,Artist_338,electronic,8,1,0.7954,0.5121,-13.423,0.1978,0.5101,0.1673,0.2025,0.772,81.73,176402,49
TRK000862,Track_0862,Artist_324,metal,6,0,0.5926,0.6272,-8.112,0.3072,0.4023,0.0788,0.0973,0.6381,109.59,159992,58
TRK000863,Track_0863,Artist_042,metal,2,1,0.4789,0.9456,-2.892,0.1377,0.2073,0.1671,0.0763,0.6975,147.78,136007,55
TRK000864,Track_0864,Artist_270,electronic,6,1,0.5759,0.5792,-10.669,0.1043,0.2967,0.1135,0.1334,0.4022,161.13,180558,39
TRK000865,Track_0865,Artist_296,electronic,10,1,0.451,0.8027,-11.157,0.0822,0.0389,0.1141,0.1217,0.51,116.67,202003,58
TRK000866,Track_0866,Artist_244,rnb,11,1,0.7835,0.451,-16.214,0.349,0.5069,0.2547,0.0909,0.8901,146.28,266707,72
TRK000867,Track_0867,Artist_287,latin,5,0,0.4285,0.69,-10.836,0.1605,0.0979,0.1086,0.2194,0.7863,161.6,247092,42
TRK000868,Track_0868,,pop,2,0,0.7165,0.2259,-19.731,0.1358,0.7659,0.1014,0.2372,0.4428,95.75,218842,49
TRK000869,Track_0869,Artist_156,electronic,8,1,0.6894,0.5338,-12.005,0.2402,0.4837,0.0005,0.3369,0.5816,130.89,125678,41
TRK000870,Track_0870,Artist_015,country,0,1,0.5063,0.6975,-8.313,0.0791,0.2901,0.0256,0.3476,0.1269,127.33,223287,43
TRK000871,Track_0871,Artist_160,rock,1,0,0.8712,0.7565,-6.729,0.3226,0.1785,0.2685,0.2102,0.9235,152.1,135954,61
TRK000872,Track_0872,Artist_071,hip-hop,6,1,0.7752,0.3684,-17.403,0.1339,0.9292,0.3086,0.5448,0.662,98.62,249293,72
TRK000873,Track_0873,Artist_040,metal,11,1,0.6794,0.5929,-9.435,0.252,0.5764,0.0334,0.1304,0.6253,130.84,250566,43
TRK000874,Track_0874,Artist_044,metal,3,1,0.7098,0.748,-3.563,0.1245,0.2345,0.0623,0.2628,0.5228,114.77,212290,62
TRK000875,Track_0875,Artist_244,rnb,5,0,0.5922,0.7141,-9.068,0.193,0.3027,0.0634,0.1306,0.5784,133.9,246758,57
TRK000876,,Artist_177,country,3,0,0.6511,0.7148,-9.735,0.1826,0.533,0.1484,0.1838,0.857,156.2,255639,75
TRK000877,Track_0877,Artist_189,rock,5,0,0.3408,0.7791,-8.367,0.1678,0.1157,0.0774,0.2912,0.5412,163.36,214930,48
TRK000878,Track_0878,Artist_261,rock,0,0,0.7386,0.7837,-6.571,0.2074,0.0425,0.0334,0.3612,1.0,156.45,203480,60
TRK000879,Track_0879,Artist_192,electronic,7,0,0.4694,0.5352,-13.382,0.0914,0.5056,0.1108,0.3062,0.5946,94.27,150206,57
TRK000880,Track_0880,Artist_220,electronic,7,0,0.8335,0.4858,-17.118,0.1805,0.5887,0.036,0.18,0.4297,108.76,194022,60
TRK000881,Track_0881,Artist_031,hip-hop,3,0,0.5534,0.5039,-16.12,0.2154,0.5841,0.0576,0.1433,0.4015,150.18,165153,59
TRK000882,,Artist_298,electronic,3,0,0.5851,,-11.96,0.1127,0.7037,,0.2454,0.3414,138.94,164700,53
TRK000883,Track_0883,Artist_157,hip-hop,9,0,0.724,0.5383,-9.337,0.2656,0.3298,0.0471,0.3175,0.7186,114.64,177018,46
TRK000884,Track_0884,Artist_055,classical,2,0,0.6399,0.4795,-9.931,0.1583,0.267,0.1725,0.1814,0.7134,96.34,121730,53
TRK000885,Track_0885,Artist_284,rock,0,0,0.6331,0.7302,-7.438,0.0906,0.1646,0.0949,0.2778,0.8994,55.0,254070,60
TRK000886,Track_0886,Artist_257,rock,0,1,0.4506,0.8434,-7.625,0.1687,0.2613,0.0567,0.1265,0.4881,77.36,219855,43
TRK000887,Track_0887,Artist_019,pop,10,1,0.5976,0.628,-11.149,0.0789,0.2061,0.022,0.3541,0.6229,113.45,262239,62
TRK000888,Track_0888,Artist_068,pop,4,1,0.6344,0.6932,-12.031,0.1653,0.0,0.1811,0.1731,0.8086,113.87,246087,45
TRK000889,Track_0889,Artist_006,rnb,1,1,0.6239,0.2295,-22.318,0.176,0.7965,0.0998,0.2797,0.69,133.51,232448,49
TRK000890,Track_0890,Artist_095,hip-hop,10,0,0.7719,0.7335,-7.301,0.0211,0.1644,0.194,0.3876,0.4326,138.85,245740,65
TRK000891,Track_0891,Artist_035,rock,1,1,0.508,,-14.511,0.1832,0.3117,0.5912,0.2586,0.5223,185.25,216786,45
TRK000892,Track_0892,Artist_248,classical,4,0,0.5847,0.5701,-7.149,0.1185,0.4433,0.0378,0.3007,0.2979,100.45,268727,51
TRK000893,Track_0893,Artist_183,electronic,0,1,0.3274,0.6984,-8.817,0.1014,0.232,0.3818,0.3255,0.3334,67.37,187060,36
TRK000894,Track_0894,Artist_343,pop,8,0,0.5297,0.6999,-11.589,0.1761,0.6017,0.0366,0.3672,0.2981,95.99,209093,42
TRK000895,Track_0895,Artist_262,rock,8,0,0.3277,0.6516,-9.934,0.0587,0.3644,0.151,0.3319,0.3137,168.95,197436,48
TRK000896,Track_0896,Artist_214,pop,9,0,0.5538,1.682513569057709,-8.458,0.0938,0.3708,0.0996,0.2141,0.2954,122.36,300767,59
TRK000897,Track_0897,Artist_178,jazz,3,0,0.8404,0.3626,-17.104,0.3246,0.6343,0.1484,0.3707,0.3423,150.35,181567,50
TRK000898,Track_0898,Artist_020,rock,3,1,0.7796,0.7387,-6.993,0.0578,0.1538,0.3232,0.2402,0.4965,106.24,267948,67
TRK000899,Track_0899,Artist_025,pop,11,1,0.8022,0.7529,-10.108,0.1331,0.1593,0.1212,0.1857,0.729,107.96,148649,52
TRK000900,Track_0900,Artist_216,pop,9,0,0.5814,0.5177,-12.323,0.0981,0.6769,0.0533,0.2336,0.4989,74.0,214512,71
TRK000901,Track_0901,Artist_002,electronic,0,0,0.6391,0.5543,-10.371,0.1707,0.5803,0.0889,0.4052,0.2357,112.74,201828,44
TRK000902,Track_0902,Artist_015,pop,8,1,0.8273,0.6563,25.450672566788914,0.0938,0.0758,0.1591,0.3308,1.0,122.3,164060,76
TRK000903,Track_0903,Artist_077,country,9,1,0.5833,0.5901,-10.335,0.1243,0.1851,0.0429,0.3634,0.4311,146.29,180099,47
TRK000904,Track_0904,Artist_309,pop,6,1,0.6618,0.4105,-12.673,0.1008,0.3747,0.0118,0.2982,0.2523,137.71,232638,49
TRK000905,Track_0905,Artist_161,electronic,7,1,0.5171,0.7523,-8.426,0.2851,0.4385,0.0876,0.3359,0.6509,177.64,194859,42
TRK000906,Track_0906,Artist_248,hip-hop,0,1,0.7367,0.4406,-14.976,0.1854,0.2478,0.0719,0.2405,0.5349,117.69,166566,49
TRK000907,Track_0907,Artist_144,hip-hop,0,1,0.5469,0.5321,-9.329,0.0593,0.6095,0.0964,0.2559,0.3361,128.79,250399,54
TRK000908,Track_0908,Artist_061,pop,0,1,0.7459,0.3145,-20.098,0.0445,0.7572,0.0199,0.1698,0.5661,121.56,209046,59
TRK000909,Track_0909,Artist_130,country,1,0,0.5426,0.6487,-10.615,0.064,0.3777,0.1793,0.4922,0.4002,102.54,224904,54
TRK000910,Track_0910,Artist_033,rnb,11,1,0.7963,0.565,-9.087,0.283,0.3498,0.1029,0.1397,0.5529,133.47,259193,49
TRK000911,Track_0911,Artist_269,pop,7,0,0.4719,0.6675,-9.78,0.0662,0.5465,0.052,0.1856,0.7598,114.28,279561,65
TRK000912,Track_0912,Artist_065,pop,9,0,0.3552,0.8076,-6.861,0.1414,0.2128,0.0075,0.3396,0.5147,168.57,107126,57
TRK000913,Track_0913,Artist_132,rnb,3,1,0.5753,0.8316,-6.288,0.1636,0.0,,0.2923,0.7105,99.9,205165,61
TRK000914,Track_0914,Artist_343,electronic,11,0,0.7749,0.6806,-8.768,0.1796,0.1013,0.0121,0.1724,0.5429,112.49,134538,64
TRK000915,Track_0915,Artist_207,pop,2,1,0.5241,0.2129,-16.927,0.023,0.491,0.0695,0.2274,0.3879,87.17,332672,42
TRK000916,Track_0916,Artist_161,pop,10,1,0.6525,0.7583,-5.283,0.0384,0.4577,0.0552,0.3012,0.4703,131.47,216783,63
TRK000917,Track_0917,Artist_190,jazz,0,0,0.511,0.7931,-6.527,0.158,0.4633,0.0284,0.4228,0.4108,84.83,253792,53
TRK000918,Track_0918,Artist_274,classical,0,0,0.7494,0.4368,-11.986,0.1254,0.7587,0.0889,0.3103,0.4659,121.77,181780,55
TRK000919,Track_0919,Artist_089,electronic,0,1,0.8163,0.4963,-12.33,0.1176,0.478,0.0902,0.4028,0.466,89.27,194005,69
TRK000920,Track_0920,Artist_223,latin,9,1,0.6177,0.4786,-11.581,0.0686,0.2647,0.1368,0.2415,0.6823,94.46,259471,42
TRK000921,Track_0921,Artist_305,hip-hop,3,1,0.4209,0.4845,-15.604,0.2653,,0.1416,0.1213,0.5132,100.58,233179,38
TRK000922,Track_0922,Artist_200,rock,5,0,0.6159,0.755,-3.566,0.0378,0.067,0.3422,0.1603,0.1788,142.43,285497,56
TRK000923,Track_0923,Artist_156,hip-hop,5,1,0.7829,0.377,-15.221,0.0127,0.6147,0.239,0.1686,0.8446,119.35,172452,46
TRK000924,Track_0924,Artist_051,rock,9,0,0.4664,0.549,-17.969,0.151,0.7008,0.0333,0.2236,0.5674,118.56,200187,54
TRK000925,Track_0925,Artist_087,rock,4,0,0.6922,0.2245,-15.409,0.1363,1.0,0.1247,0.1533,0.6461,137.75,233091,36
TRK000926,Track_0926,Artist_331,pop,0,0,0.7129,0.4925,-13.154,0.2791,0.4196,0.0176,0.1052,0.5124,103.52,239955,52
TRK000927,Track_0927,Artist_189,rock,4,0,0.2168,0.4012,-16.043,0.1308,0.1962,0.0896,0.2036,0.0191,66.96,228867,29
TRK000928,Track_0928,Artist_106,jazz,3,1,1.8970384312418616,0.3908,-16.734,0.2078,0.3991,0.077,0.3387,0.2021,91.23,150459,26
TRK000929,Track_0929,Artist_147,pop,8,1,0.54,0.5285,-11.406,0.1248,0.6854,0.1291,0.0238,0.7853,113.99,167581,48
TRK000930,Track_0930,Artist_202,hip-hop,9,0,0.7974,0.9257,-5.59,0.2633,0.116,0.2756,0.6321,0.4399,120.63,225372,48
TRK000931,Track_0931,Artist_188,jazz,1,1,0.6645,0.6422,-11.14,0.0645,0.2938,0.058,0.2242,0.3136,137.64,140550,54
TRK000932,Track_0932,Artist_245,electronic,9,0,0.6177,0.6221,-11.53,0.2429,0.3014,0.0201,0.1537,0.4678,117.93,170128,54
TRK000933,Track_0933,Artist_090,country,0,1,0.7505,0.6512,-10.316,0.0876,0.2136,0.074,0.0057,0.3664,150.47,211679,51
TRK000934,Track_0934,Artist_227,country,7,0,0.5283,0.7998,-7.538,0.0337,0.0,0.0204,0.3297,0.6636,132.12,175075,52
TRK000935,Track_0935,Artist_155,jazz,4,0,0.3291,0.673,-7.318,0.1537,0.7,0.1055,0.1647,0.5436,82.57,220317,43
TRK000936,Track_0936,Artist_329,pop,3,1,0.5647,0.8116,-5.549,0.2019,0.4977,0.1323,0.1702,0.6626,55.0,205967,57
TRK000937,Track_0937,Artist_056,hip-hop,5,1,0.6136,0.493,-12.289,0.0552,0.359,0.3058,0.2115,0.3882,93.79,174532,58
TRK000938,Track_0938,Artist_052,electronic,3,1,0.7545,0.4834,-12.022,0.1383,0.2009,0.2759,0.206,0.6107,125.86,175597,37
TRK000939,Track_0939,Artist_162,rock,9,1,0.5923,0.3518,-16.466,0.0327,0.6787,0.0619,0.2557,0.7607,132.39,267505,33
TRK000940,Track_0940,Artist_178,pop,11,0,0.5899,0.6384,,0.1444,0.335,0.0853,0.1032,0.2808,119.05,227285,67
TRK000941,Track_0941,Artist_242,rock,9,0,0.6502,0.5363,-8.231,0.0346,0.5768,0.1822,0.4747,0.7313,125.37,221129,52
TRK000942,Track_0942,Artist_142,hip-hop,5,1,0.6245,0.6564,-7.518,0.0152,0.4974,0.0232,0.1191,0.7062,158.98,212468,41
TRK000943,Track_0943,Artist_319,hip-hop,6,1,0.7896,0.6482,-6.191,0.0422,0.1412,0.0554,0.1813,0.6132,122.39,169165,64
TRK000944,Track_0944,Artist_166,pop,5,0,0.7034,-0.9535012470590846,-7.913,0.0289,0.6027,0.0421,0.2183,0.6162,131.8,184603,47
TRK000945,Track_0945,Artist_046,country,9,0,0.5993,0.5999,-11.816,0.2156,0.3366,0.0567,0.1499,0.5938,166.7,101967,61
TRK000946,Track_0946,Artist_042,latin,6,1,0.8043,0.6271,-15.37,0.1762,0.4823,0.2299,0.09,0.4556,71.28,181357,59
TRK000947,Track_0947,Artist_340,pop,5,0,0.4059,0.5106,-15.471,0.0314,0.4423,0.0302,0.1506,0.1176,169.87,182115,66
TRK000948,Track_0948,Artist_047,latin,4,0,0.5674,0.8454,-4.002,0.2726,0.3207,0.0162,0.2194,0.7644,55.0,234687,53
TRK000949,Track_0949,Artist_331,pop,4,1,0.708,0.5891,-11.264,0.0838,0.0,0.0106,0.0755,0.3507,98.87,182859,47
TRK000950,Track_0950,Artist_098,latin,6,0,0.6831,0.5675,-12.438,0.0404,0.5654,0.1246,0.07,0.3593,106.34,245365,42
TRK000951,Track_0951,Artist_033,latin,8,0,0.4939,0.4764,-19.009,0.3771,0.3738,0.0872,0.2643,0.3462,76.27,198312,37
TRK000952,Track_0952,Artist_107,pop,5,1,0.5235,0.3264,-16.848,0.0404,0.6868,0.1518,0.3995,0.451,117.38,216684,52
TRK000953,Track_0953,Artist_215,classical,9,0,0.4415,0.3061,-19.646,0.1145,0.9179,0.0352,0.0717,0.2659,120.57,208596,20
TRK000954,Track_0954,Artist_150,metal,9,1,0.4996,0.7854,-8.315,0.1106,0.0701,0.3585,0.3255,0.4194,142.72,241490,45
TRK000955,Track_0955,Artist_275,rnb,5,1,0.5298,0.3285,-14.902,0.1951,0.4987,0.1745,0.2759,0.5749,141.82,264279,35
TRK000956,Track_0956,Artist_214,metal,10,0,0.5463,0.2525,-20.708,0.1223,0.6805,0.3638,0.1883,0.3243,126.86,165584,30
TRK000957,Track_0957,Artist_140,electronic,2,1,0.5678,0.5949,-12.967,0.7833160233782474,0.3268,0.3543,0.3299,0.37,153.32,289174,60
TRK000958,Track_0958,Artist_222,pop,11,1,0.888,0.6776,-8.685,0.4204,0.1334,0.0091,0.3107,0.7578,140.06,171445,77
TRK000959,Track_0959,Artist_340,country,3,0,0.7226,0.1701,-18.338,0.0525,0.849,0.3207,0.1368,0.4453,112.9,201708,46
TRK000960,Track_0960,Artist_144,electronic,6,1,0.6826,0.5345,-13.126,0.1411,0.4939,0.0379,0.1623,0.5494,125.33,186197,60
TRK000961,Track_0961,Artist_054,electronic,3,0,0.3133,0.5746,-8.131,0.2594,0.5087,0.0908,0.2466,0.4719,104.2,277848,43
TRK000962,Track_0962,Artist_143,hip-hop,5,0,0.6405,0.4021,-17.968,0.2284,0.4504,0.0337,0.2111,0.4542,87.69,162260,51
TRK000963,Track_0963,Artist_294,electronic,4,1,0.9041,0.4421,-17.473,0.0458,0.388,0.1402,0.2331,0.7636,133.98,242289,45
TRK000964,Track_0964,Artist_076,pop,8,1,0.5496,0.3685,-19.281,0.2082,0.6102,0.2333,0.4387,0.1691,80.03,110623,35
TRK000965,Track_0965,Artist_332,classical,0,1,0.7157,0.5938,-14.572,0.243,0.3621,0.0201,0.2782,0.8033,116.75,246622,56
TRK000966,Track_0966,Artist_206,pop,10,1,0.579,0.5581,-10.982,0.096,0.4013,0.0326,0.0528,0.3415,57.66,201391,44
TRK000967,Track_0967,Artist_210,classical,10,1,0.7458,0.4696,-15.819,0.0444,0.4031,0.1205,0.0614,0.2554,123.99,193148,51
TRK000968,Track_0968,Artist_111,country,6,0,0.7025,0.5729,-14.498,0.1992,0.4865,0.1678,0.2919,0.4248,101.64,178873,47
TRK000969,Track_0969,Artist_322,hip-hop,6,0,0.8161,0.8551,-4.353,0.062,0.0,0.3909,0.2399,0.6536,137.91,207003,60
TRK000970,Track_0970,Artist_013,hip-hop,8,1,0.2975,0.5592,-9.885,0.2402,0.4188,0.0472,0.6401,0.2473,115.77,194026,39
TRK000971,Track_0971,Artist_105,rock,2,1,0.3371,0.6862,-6.591,0.3389,0.2586,0.1081,0.1459,0.2681,118.43,142909,45
TRK000972,Track_0972,Artist_147,latin,8,0,0.6287,0.8362,-3.678,0.0621,0.1578,0.0675,0.144,0.8075,123.46,174680,63
TRK000973,Track_0973,Artist_167,classical,2,0,0.8221,0.8175,-8.034,0.025,0.3958,0.0134,0.3392,0.5494,104.88,245928,50
TRK000974,Track_0974,Artist_166,hip-hop,8,1,0.7374,0.8032,-5.723,0.2924,0.0,0.071,0.3903,0.2566,106.14,191880,54
TRK000975,Track_0975,Artist_052,pop,3,0,0.6466,0.466,-12.655,0.0168,0.1036,0.1008,0.1781,0.441,106.15,174423,53
TRK000976,Track_0976,Artist_079,pop,8,0,0.5056,0.5819,-12.243,0.1246,0.3111,0.039,0.1831,0.8493,118.5,212092,62
TRK000977,Track_0977,Artist_034,hip-hop,9,1,0.7457,0.6701,-8.896,0.0107,0.1227,0.1926,0.2105,0.4286,106.41,231987,60
TRK000978,Track_0978,Artist_200,latin,2,0,0.4726,0.2169,-21.983,0.0768,0.2409,0.0219,0.2143,0.1766,134.61,239256,33
TRK000979,Track_0979,Artist_123,classical,7,1,0.9598,0.6113,-11.933,0.0389,0.7031,0.0321,0.1289,0.6232,72.45,225205,64
TRK000980,Track_0980,Artist_198,pop,5,1,0.4657,0.8377,-4.753,0.3324,0.263,0.1257,0.0935,0.8307,80.02,264403,61
TRK000981,Track_0981,Artist_206,rnb,3,1,0.3971,0.7616,-3.929,0.1013,0.3585,0.4803,0.3836,0.4305,174.88,212212,32
TRK000982,Track_0982,Artist_245,hip-hop,7,1,0.4932,0.3962,-12.75,0.1039,0.5524,0.0807,0.1652,0.2264,109.84,199375,57
TRK000983,Track_0983,Artist_191,rnb,11,1,0.7815,0.475,-12.097,0.1697,0.6008,0.0501,0.3463,0.6333,93.59,249305,63
TRK000984,Track_0984,Artist_227,rock,0,1,0.7574,0.4643,-13.609,0.3596,0.4596,0.1009,0.099,0.6053,121.29,178116,37
TRK000985,Track_0985,Artist_205,electronic,11,0,0.8039,0.6318,-10.265,0.0065,0.5147,0.2074,0.1563,0.7205,143.48,191812,61
TRK000986,Track_0986,Artist_228,latin,10,1,0.4504,0.6732,-12.374,0.1829,0.3608,0.025,0.2567,0.2971,139.95,138311,56
TRK000987,Track_0987,Artist_216,rock,6,1,0.7473,0.2248,-20.893,0.1563,0.7686,0.1337,0.2031,0.3634,101.05,291624,39
TRK000988,Track_0988,Artist_111,jazz,7,0,0.7314,0.3218,-18.686,0.2023,0.6852,0.1085,0.1594,0.6944,107.65,303842,54
TRK000989,Track_0989,Artist_086,metal,4,0,0.6921,0.2967,-16.208,0.1728,0.9671,0.1243,0.3712,0.5389,112.66,202124,54
TRK000990,Track_0990,Artist_275,pop,1,0,0.3968,0.4997,-10.927,0.0405,0.5304,0.0125,0.1055,0.549,130.72,244355,54
TRK000991,Track_0991,Artist_120,pop,6,0,0.7179,0.6706,-7.627,0.1946,0.1441,0.1553,0.2108,0.598,123.27,241480,80
TRK000992,Track_0992,Artist_192,jazz,9,0,0.9161,0.2157,-16.653,0.1055,0.8448,0.0445,0.2723,0.7279,96.32,218522,56
TRK000993,Track_0993,Artist_069,rock,2,1,0.514,0.5622,-11.473,0.0151,0.5259,0.3298,0.2612,0.5308,107.73,264696,44
TRK000994,Track_0994,Artist_151,pop,8,0,0.397,0.4612,-16.017,0.129,0.5128,0.2153,0.3567,0.2958,114.57,153082,44
TRK000995,Track_0995,,hip-hop,8,0,0.9562,0.5526,-11.953,0.2752,0.438,0.0307,0.1748,0.8079,163.5,201681,65
TRK000996,Track_0996,Artist_219,classical,9,0,0.7114,0.5746,-12.954,0.0738,0.2335,0.0406,0.2076,0.4137,117.03,116091,44
TRK000997,Track_0997,Artist_184,rock,4,0,0.7909,0.5765,-9.87,0.3518,0.441,0.0543,0.1992,0.8855,214.64,164503,46
TRK000998,Track_0998,Artist_126,rock,4,1,0.8576,0.1914,-20.578,0.3936,0.5899,0.4282,0.3558,0.6844,114.46,136844,36
TRK000999,Track_0999,Artist_336,country,4,0,0.8271,0.7254,-8.257,0.2947,0.2294,0.0727,0.1365,0.6234,74.87,127297,55
TRK001000,Track_1000,Artist_179,electronic,10,1,0.5114,0.8983,-2.711,0.2532,0.0,0.0245,0.3411,0.5613,131.83,187706,65
TRK001001,Track_1001,Artist_283,country,10,0,0.3843,0.2959,-19.121,0.4265,0.881,0.19,0.1092,0.3503,151.32,226419,37
TRK001002,Track_1002,Artist_258,hip-hop,4,0,0.8197,0.8796,-2.528,0.3509,0.3994,0.0168,0.1061,0.6956,135.3,180063,69
TRK001003,Track_1003,Artist_195,latin,11,1,0.597,0.2742,-20.932,0.1457,0.5198,0.0438,0.1353,0.652,127.51,185470,63
TRK001004,Track_1004,Artist_310,jazz,6,0,0.4233,0.6609,-8.785,0.4451,0.3382,0.0086,0.2867,0.3748,111.37,176937,59
TRK001005,Track_1005,Artist_045,pop,4,1,0.8388,0.7959,-6.689,0.3738,0.1482,0.0361,0.1663,0.4356,114.02,216317,57
TRK001006,Track_1006,Artist_322,rnb,0,1,0.467,0.197,-17.846,0.4937,0.8866,0.0878,0.1128,0.2825,56.83,182796,44
TRK001007,Track_1007,Artist_297,hip-hop,7,1,0.5451,0.7581,-10.345,0.1699,0.2592,0.1573,0.147,0.6961,146.05,164704,47
TRK001008,Track_1008,Artist_176,pop,7,0,0.8441,0.7766,-10.283,0.2662,0.1537,0.0005,0.1707,0.8843,111.38,251954,73
TRK001009,Track_1009,Artist_256,pop,11,0,0.3604,0.5279,-10.736,0.131,0.489,0.0381,0.2624,0.4174,154.1,170745,37
TRK001010,Track_1010,Artist_182,jazz,8,0,0.9017,0.6362,-10.863,0.0945,0.3251,0.0667,0.246,0.5643,107.09,152767,51
TRK001011,Track_1011,Artist_094,pop,0,0,0.6625,0.4782,-13.679,0.1827,0.8078,0.5141,0.3403,0.5076,120.5,243296,57
TRK001012,Track_1012,Artist_280,,6,0,0.7084,0.6519,-11.11,0.1319,0.2053,0.026,0.3069,0.479,156.98,134229,47
TRK001013,Track_1013,Artist_086,pop,8,1,0.826,0.8165,-4.03,0.019,0.2299,0.3047,0.1691,0.2925,159.41,265320,51
TRK001014,Track_1014,Artist_110,hip-hop,5,0,0.656,0.5978,-10.191,0.1417,0.494,0.2501,0.0269,0.401,145.55,163829,47
TRK001015,Track_1015,Artist_182,hip-hop,5,1,0.764,0.3881,-14.931,0.0647,0.6908,0.0248,0.1895,0.6215,69.61,213607,48
TRK001016,Track_1016,Artist_293,electronic,9,0,0.7768,0.9044,-39.117027938287734,0.1694,0.042,0.0558,0.288,0.6674,86.24,165243,68
TRK001017,Track_1017,Artist_134,rock,7,0,0.4548,0.359,-14.998,0.1911,0.8873,0.0071,0.2035,0.3248,141.63,210582,49
TRK001018,Track_1018,Artist_173,pop,8,1,0.8754,0.5686,-13.674,0.1513,0.0554,0.1473,0.1352,0.8422,102.44,186554,64
TRK001019,Track_1019,Artist_015,electronic,5,0,0.4212,0.7549,-8.84,0.0741,0.0481,0.2379,0.2329,0.3303,124.07,165786,57
TRK001020,Track_1020,Artist_041,hip-hop,3,0,0.8193,0.5584,-14.718,0.132,0.561,0.1043,0.3197,0.4582,127.81,137837,53
TRK001021,Track_1021,,jazz,6,1,0.6264,0.5435,-12.388,0.3507,0.2981,0.1463,0.3164,0.5817,129.17,185665,47
TRK001022,Track_1022,Artist_026,pop,11,1,0.899,0.6336,-7.719,0.1448,0.1975,0.2917,0.3368,0.5482,92.44,231377,79
TRK001023,Track_1023,Artist_304,pop,7,1,0.5933,0.4973,-12.56,0.1992,0.4186,0.0658,0.2276,0.362,150.64,240346,52
TRK001024,Track_1024,Artist_294,rock,8,1,0.6255,0.6079,-11.599,0.0641,0.2507,0.1105,0.1661,0.8231,107.32,177663,62
TRK001025,Track_1025,Artist_287,hip-hop,1,1,0.8232,0.7364,-7.559,0.1274,0.3783,0.0069,0.3001,0.4852,138.52,177769,56
TRK001026,Track_1026,Artist_020,hip-hop,11,1,0.6295,0.6954,-8.473,0.0106,,0.3093,0.2264,0.4448,116.2,202155,54
TRK001027,Track_1027,Artist_028,country,2,1,0.7865,0.5231,-12.346,0.3232,0.4928,0.0024,0.4078,0.666,175.78,210061,45
TRK001028,Track_1028,Artist_098,hip-hop,11,0,0.8978,0.5901,-10.628,0.1778,,0.0539,0.3983,0.6517,162.56,209853,64
TRK001029,Track_1029,Artist_198,electronic,5,1,0.9244,0.4869,-15.576,0.4313,0.2635,0.0123,0.1944,0.3892,181.68,190475,59
TRK001030,Track_1030,Artist_117,,11,0,0.7605,0.5813,-10.977,0.2321,0.4324,0.1082,0.3071,0.9168,168.28,193550,68
TRK001031,Track_1031,Artist_171,pop,10,0,0.4106,0.3025,-21.206,0.0623,0.9401,0.3016,0.079,0.1977,118.24,197073,36
TRK001032,Track_1032,Artist_061,hip-hop,9,0,0.5842,0.4277,-13.324,0.37,0.7481,0.2502,0.116,0.4184,107.05,101317,47
TRK001033,Track_1033,Artist_256,rock,10,1,0.2519,0.4727,-16.027,0.0308,0.7859,0.171,0.3191,0.4074,90.21,191748,46
TRK001034,Track_1034,Artist_110,hip-hop,7,0,0.6332,0.7979,-3.854,0.1788,0.0958,0.1333,0.3821,1.0,129.45,245195,54
TRK001035,Track_1035,Artist_024,pop,10,1,0.686,0.4477,-19.529,0.1912,0.7173,0.148,0.1108,0.4417,122.68,272696,32
TRK001036,Track_1036,Artist_260,country,2,0,0.1474,0.7941,-2.845,,0.129,0.084,0.0133,0.2288,120.8,262939,32
TRK001037,Track_1037,Artist_316,latin,0,1,0.3989,0.6866,-12.501,0.0663,0.4205,0.3662,0.6136,0.5594,98.79,214053,48
TRK001038,,Artist_006,pop,6,1,0.6851,0.4307,-17.165,0.4958,0.8053,0.086,0.1465,0.8849,132.11,156500,61
TRK001039,Track_1039,Artist_153,electronic,9,1,0.416,0.553,-11.176,0.3354,0.304,0.0523,0.189,0.4552,111.31,185354,39
TRK001040,Track_1040,Artist_289,classical,9,0,0.678,0.6651,-8.006,0.2439,0.0008,0.0797,0.2246,0.5365,108.49,175717,52
TRK001041,Track_1041,Artist_247,rock,6,1,0.6697,0.6196,-10.993,0.3195,0.713,0.0193,0.2576,0.6387,126.59,146593,49
TRK001042,Track_1042,Artist_299,country,6,0,0.6731,0.4976,-11.089,0.1313,0.5903,0.1499,0.3153,0.1535,119.82,167606,29
TRK001043,Track_1043,Artist_145,electronic,7,1,0.6191,0.4864,-15.051,0.1427,0.4943,0.2608,0.4007,0.3882,82.07,177200,45
TRK001044,Track_1044,Artist_130,latin,10,0,0.834,0.5355,-13.099,0.0887,0.4354,0.0771,0.3542,0.2842,99.94,147235,56
TRK001045,Track_1045,Artist_248,metal,10,1,0.5305,0.2172,-19.886,0.3682,0.4055,0.0227,0.0839,0.3,136.91,251975,35
TRK001046,Track_1046,Artist_054,pop,1,1,0.8416,0.3345,-17.826,0.2669,0.7031,0.3461,0.0314,0.4534,120.66,237408,40
TRK001047,Track_1047,Artist_084,hip-hop,7,1,0.4563,,-11.017,0.467,0.121,0.037,0.0857,0.0548,67.61,207786,66
TRK001048,Track_1048,Artist_210,electronic,4,1,0.8077,0.495,-13.165,0.1904,0.5145,0.2031,0.2208,0.619,141.57,227176,47
TRK001049,Track_1049,Artist_234,pop,9,0,0.6671,0.6879,-9.119,0.1247,0.3175,0.0426,0.2403,0.7022,120.62,223765,66
TRK001050,Track_1050,Artist_042,rock,6,1,0.432,0.665,-6.997,0.0972,0.0,0.1642,0.107,0.4424,92.27,176993,51
TRK001051,Track_1051,Artist_178,metal,11,0,0.3102,0.2863,-20.53,0.2949,0.8019,0.0434,0.1755,0.0147,103.27,290951,34
TRK001052,Track_1052,Artist_128,pop,5,1,0.7604,0.535,-13.636,0.0334,0.499,0.0024,0.2597,0.8072,126.63,175411,61
TRK001053,Track_1053,Artist_176,hip-hop,8,0,0.5827,0.7086,-5.764,0.3336,0.3496,0.0917,0.1203,0.9017,60.16,134939,45
TRK001054,Track_1054,Artist_335,country,1,1,0.5928,0.2042,-18.863,0.1276,0.7628,0.0055,0.4272,0.4603,133.77,217258,51
TRK001055,Track_1055,Artist_027,rock,11,1,0.6786,0.9517,-1.854,0.183,0.0571,0.121,0.303,0.6247,149.63,235391,47
TRK001056,Track_1056,Artist_348,hip-hop,1,1,0.6208,0.6206,,0.1258,0.4105,0.0231,0.0878,0.4851,146.94,196415,65
TRK001057,Track_1057,Artist_157,metal,4,1,0.7985,0.6284,-9.168,0.1843,0.421,0.1334,0.1246,0.7073,154.32,266010,65
TRK001058,Track_1058,Artist_270,,10,0,0.673,0.6434,-5.839,0.2867,0.4422,0.0021,0.3857,0.5942,100.16,218128,48
TRK001059,Track_1059,Artist_149,pop,11,1,0.842,0.5971,-10.663,0.0098,0.4538,0.2589,0.2011,0.7163,150.95,173071,52
TRK001060,Track_1060,Artist_109,pop,5,1,0.4625,0.7981,-8.667,0.1671,0.5348,0.0688,0.3893,0.6185,129.62,183281,56
TRK001061,Track_1061,Artist_269,latin,5,1,0.5801,0.6813,-36.64384682704462,0.0548,0.188,0.3054,0.4681,0.4166,98.61,216688,54
TRK001062,Track_1062,Artist_240,rock,0,1,0.5621,0.2289,-20.21,0.0622,0.7036,0.0845,0.2291,0.235,135.07,213622,31
TRK001063,Track_1063,Artist_051,hip-hop,11,1,0.4092,0.5775,-11.537,0.2337,0.7272,0.1451,0.1989,0.3858,134.22,264604,49
TRK001064,Track_1064,Artist_247,pop,0,0,0.8452,0.5581,-10.907,0.1384,0.4141,0.1278,0.049,0.7098,165.13,247565,59
TRK001065,Track_1065,Artist_263,hip-hop,0,1,0.6293,0.4754,-15.348,0.0291,0.6923,0.0615,0.1693,0.2189,155.52,139455,57
TRK001066,Track_1066,Artist_136,latin,5,1,0.5028,0.7562,-8.485,0.0521,0.2681,0.1086,0.1115,0.4998,102.66,202407,43
TRK001067,Track_1067,Artist_324,hip-hop,0,1,0.4478,0.3844,-14.496,0.1534,0.5746,0.0906,0.1879,0.3795,131.54,154069,39
TRK001068,Track_1068,Artist_224,metal,1,0,0.6318,0.4276,-15.8,0.0365,0.7499,0.0969,0.3063,0.3964,131.24,275636,35
TRK001069,Track_1069,Artist_117,rock,7,1,0.2711,0.775,-4.808,0.2629,0.3183,0.3097,0.1582,0.6958,129.04,166193,34
TRK001070,Track_1070,Artist_004,hip-hop,8,1,0.5942,0.5112,-14.922,0.4192,0.2126,0.157,0.0959,0.7181,113.46,219093,64
TRK001071,Track_1071,Artist_236,rnb,3,0,0.4849,0.62,-12.537,0.0612,0.4112,0.1738,0.244,0.56,171.13,178597,45
TRK001072,Track_1072,Artist_073,hip-hop,9,0,0.5565,0.2807,-13.631,0.0832,0.5402,0.2069,0.2151,0.7173,104.55,120964,41
TRK001073,Track_1073,Artist_265,,7,0,0.442,0.6587,-12.875,0.151,0.5701,0.2685,0.1848,0.6376,168.66,153510,30
TRK001074,Track_1074,Artist_184,rnb,2,1,0.7835,0.6708,-9.301,0.0471,0.6448,0.0204,0.3993,0.6615,82.11,198776,56
TRK001075,Track_1075,Artist_163,hip-hop,8,0,0.7325,0.3841,-11.477,0.0516,0.9532,0.0205,0.1464,0.4282,111.32,235585,46
TRK001076,Track_1076,Artist_058,electronic,7,1,0.7399,0.4521,16.70686162265079,0.0403,0.6122,0.2203,0.279,0.4701,143.41,233894,42
TRK001077,Track_1077,Artist_249,metal,9,1,0.5437,0.4054,-12.118,0.0653,0.5115,0.2846,0.2424,0.505,92.52,150116,34
TRK001078,Track_1078,Artist_058,pop,1,0,0.6236,0.4128,-13.484,0.2324,0.6452,0.1333,0.289,0.4081,101.42,224098,53
TRK001079,Track_1079,Artist_146,rock,2,0,0.3794,0.6535,-9.638,0.2073,0.1773,0.324,0.5002,0.1764,136.98,252740,27
TRK001080,Track_1080,Artist_292,pop,3,0,0.6282,0.3437,-16.725,0.2688,1.0,0.0255,0.3009,0.3845,73.61,233071,49
TRK001081,Track_1081,Artist_322,hip-hop,4,1,0.9226,0.554,-16.474,0.1578,0.6609,0.3723,0.1829,0.8441,152.93,193722,70
TRK001082,Track_1082,Artist_346,pop,10,0,0.6796,0.2415,-19.39,0.1403,0.8134,0.0314,0.2026,0.0,163.4,212163,41
TRK001083,Track_1083,Artist_335,jazz,8,0,0.8772,0.6865,-8.386,0.289,0.493,0.044,0.2177,0.9376,164.6,216859,52
TRK001084,Track_1084,Artist_195,pop,6,0,0.2969,0.6151,-9.959,0.2265,0.2964,0.1245,0.1226,0.5022,131.11,272866,59
TRK001085,Track_1085,Artist_070,jazz,6,0,0.4486,0.2982,-12.016,0.2306,0.5024,0.085,0.3203,0.314,110.02,286559,36
TRK001086,Track_1086,Artist_293,rock,10,1,0.6861,0.5614,-11.031,0.1072,0.0402,0.024,0.2837,0.607,111.85,239020,49
TRK001087,Track_1087,Artist_280,rock,5,1,0.5007,0.4711,-12.251,0.1288,0.5439,0.0286,0.1866,0.6132,130.05,212403,50
TRK001088,Track_1088,Artist_346,rock,2,0,0.8068,0.578,-8.722,0.0989,0.3846,0.1323,0.1499,0.6213,125.63,208601,52
TRK001089,Track_1089,Artist_228,jazz,1,0,0.7628,0.164,-19.202,0.1747,0.9294,0.3412,0.2352,0.6214,111.35,213267,43
TRK001090,Track_1090,Artist_050,hip-hop,3,0,0.6742,0.7266,-8.205,0.1032,0.2758,0.1534,0.153,0.7609,166.35,219242,47
TRK001091,Track_1091,Artist_176,hip-hop,7,1,0.5709,,-13.003,0.0662,0.5773,0.0644,0.2914,0.5162,115.11,186768,45
TRK001092,Track_1092,Artist_157,rnb,5,0,1.9966133706417581,0.2504,-19.262,0.0747,0.8956,0.0969,0.1122,0.1799,162.24,298565,56
TRK001093,Track_1093,Artist_295,electronic,5,1,0.5706,0.485,-12.352,0.0996,0.2521,0.235,0.3146,0.4589,124.8,174362,39
TRK001094,Track_1094,Artist_138,pop,5,1,0.7709,0.4725,-13.98,0.1031,0.6839,0.1467,0.1496,0.1948,123.06,268299,54
TRK001095,Track_1095,Artist_115,rnb,11,0,0.262,0.4329,-13.101,0.2575,0.4939,0.0578,0.4103,0.3996,136.51,111095,55
TRK001096,Track_1096,Artist_028,rock,11,0,0.4749,0.3701,-18.079,0.3293,0.7231,0.102,0.1725,0.3177,136.14,197608,44
TRK001097,Track_1097,Artist_292,pop,1,0,0.3665,0.3048,-16.971,0.1072,0.8792,0.3755,0.2385,0.2109,117.95,194752,42
TRK001098,Track_1098,Artist_264,hip-hop,1,1,0.545,0.5749,-7.937,0.174,0.6103,0.0184,0.0965,0.6145,137.81,220292,48
TRK001099,Track_1099,Artist_015,pop,2,0,0.4648,0.2695,-18.566,0.1347,0.7538,0.0523,0.1847,0.1248,141.25,193605,38
TRK001100,Track_1100,Artist_152,rock,10,0,0.6602,0.5553,-7.73,0.0711,0.4769,0.1356,0.2316,0.5616,168.29,272369,46
TRK001101,Track_1101,Artist_168,classical,5,0,0.5359,0.7265,-7.658,0.1359,0.4341,0.1473,0.2793,0.4843,124.0,199096,51
TRK001102,Track_1102,Artist_164,pop,10,0,0.5457,0.5447,-12.14,0.0845,0.185,0.0505,0.4425,0.4538,100.14,163681,66
TRK001103,Track_1103,Artist_321,country,7,0,0.7705,0.6363,-9.744,0.3015,0.1924,0.0056,0.0751,0.6706,103.03,166531,56
TRK001104,Track_1104,Artist_053,latin,6,1,0.7932,0.4514,-14.755,0.1875,0.4984,0.0439,0.3948,0.8931,188.3,188717,49
TRK001105,Track_1105,Artist_107,electronic,3,0,0.6079,0.6588,-13.863,0.0594,0.1013,0.1958,0.2521,0.6259,69.37,242595,54
TRK001106,Track_1106,Artist_064,jazz,4,0,0.373,0.6084,-8.68,0.1799,0.3427,,0.0792,0.6752,88.68,250747,50
TRK001107,Track_1107,Artist_086,jazz,1,0,0.6631,0.6842,-4.123,0.0297,0.257,0.1285,0.4123,0.839,122.73,155896,57
TRK001108,Track_1108,Artist_317,metal,6,1,0.5321,0.7444,-6.567,0.0506,0.2713,0.0837,0.2635,0.6885,104.78,173994,49
TRK001109,Track_1109,Artist_329,rock,3,0,0.6625,0.333,-15.484,0.0729,0.6568,0.1118,0.1957,0.1328,144.93,162050,29
TRK001110,Track_1110,Artist_016,pop,3,0,0.6039,0.6007,-11.187,0.1617,0.5918,0.284,0.4211,0.4889,142.48,197154,64
TRK001111,Track_1111,Artist_221,hip-hop,0,0,0.5829,0.7088,-5.86,0.184,0.3944,0.0766,0.0498,0.364,107.03,253289,53
TRK001112,Track_1112,Artist_082,electronic,9,1,0.8493,0.2482,-18.625,0.0147,0.739,0.1292,0.3507,1.0,164.1,217714,59
TRK001113,Track_1113,Artist_068,pop,11,1,0.3608,0.4956,-12.508,0.2231,0.4444,0.0205,0.0804,0.2052,91.11,234756,41
TRK001114,Track_1114,Artist_102,electronic,5,1,0.6515,0.5297,-15.79,0.0826,0.4618,0.1987,0.2233,0.2591,101.36,243609,42
TRK001115,Track_1115,Artist_068,pop,6,1,0.6127,0.8595,-6.256,0.0895,0.1352,0.0453,0.2516,0.1279,166.03,183595,62
TRK001116,Track_1116,Artist_172,latin,11,1,0.5221,0.9379,-2.557,0.2076,0.5155,0.1344,0.1745,0.4267,85.45,152357,40
TRK001117,Track_1117,Artist_348,rock,6,0,0.6453,0.4087,-13.014,0.0697,0.329,0.0538,0.1002,0.5055,131.71,183568,35
TRK001118,Track_1118,,pop,7,0,0.5826,0.6766,-7.057,0.1242,0.1566,0.2006,0.1571,0.7447,165.91,246961,73
TRK001119,Track_1119,Artist_253,pop,5,0,0.7237,0.4611,-17.329,0.1722,0.3457,0.2374,0.2723,0.3444,55.0,237129,61
TRK001120,Track_1120,Artist_173,rock,6,1,0.6588,0.8389,-8.795,0.1587,0.2095,0.0724,0.3537,0.8509,112.54,213559,62
TRK001121,Track_1121,Artist_005,rock,6,1,0.7741,0.6423,-8.585,0.1703,0.3991,0.1557,0.1075,0.6117,148.53,252699,43
TRK001122,Track_1122,Artist_030,pop,8,1,0.6651,0.625,-11.893,0.0623,0.2719,0.0667,0.1086,0.4807,114.44,216553,61
TRK001123,Track_1123,Artist_094,rock,7,1,,0.5155,-10.692,0.1982,0.6458,0.031,0.2197,0.6241,123.66,195066,52
TRK001124,Track_1124,Artist_086,pop,6,0,0.605,0.507,-16.433,0.1642,0.5595,0.2327,0.1188,0.7548,127.26,139403,53
TRK001125,Track_1125,Artist_294,hip-hop,0,0,0.5895,0.5481,-12.159,0.0982,0.6208,0.1286,0.1129,0.5163,130.76,267208,52
TRK001126,Track_1126,Artist_295,hip-hop,10,0,0.6999,0.7211,-8.211,0.158,0.4955,0.0548,0.0701,0.4178,99.44,205676,46
TRK001127,Track_1127,Artist_299,rock,10,1,0.5891,0.5841,-10.093,0.1366,0.0323,0.0913,0.3288,0.5959,143.45,189686,30
TRK001128,,Artist_223,rock,2,1,0.5496,0.7171,-10.492,0.1783,0.4063,0.0327,0.4162,0.6218,129.14,205379,54
TRK001129,Track_1129,Artist_195,pop,3,0,0.5649,0.7788,-11.194,0.2,0.0,0.2169,0.1802,0.5425,89.91,277443,60
TRK001130,Track_1130,Artist_227,pop,11,0,0.743,0.8279,-5.409,0.078,0.217,0.1593,0.3525,0.858,108.96,254669,70
TRK001131,Track_1131,Artist_142,pop,3,1,0.7817,0.6052,-9.528,0.228,0.3817,,0.145,0.2016,82.43,193799,64
TRK001132,Track_1132,Artist_234,classical,9,1,0.5134,0.4189,-12.567,0.0897,,0.0602,0.3175,0.492,127.99,231138,47
TRK001133,Track_1133,Artist_278,metal,9,1,0.9028,0.8896,-5.217,0.0294,,0.0389,0.2468,0.9088,135.74,265218,79
TRK001134,Track_1134,Artist_267,latin,10,1,0.7009,0.5943,-9.219,0.1753,0.5912,0.0748,0.1808,0.3126,127.94,225634,58
TRK001135,Track_1135,Artist_215,hip-hop,0,0,0.8651,0.4717,-12.554,0.0243,0.296,0.0812,0.1181,0.3374,137.4,215432,57
TRK001136,Track_1136,Artist_021,electronic,5,0,0.5466,0.349,-13.412,0.0328,0.7861,0.1367,0.1904,0.5978,125.74,115936,49
TRK001137,,Artist_254,rock,6,1,0.6778,0.2073,-19.561,0.1259,0.5349,0.0681,0.0918,0.639,143.34,266059,46
TRK001138,Track_1138,Artist_128,country,10,1,0.4945,0.6455,-13.605,0.1629,0.3513,0.097,0.0751,0.7432,118.42,163725,35
TRK001139,Track_1139,Artist_260,classical,2,1,0.7987,0.5018,-13.11,0.1413,0.823,0.0321,0.19,0.4603,141.65,125817,59
TRK001140,Track_1140,Artist_189,country,3,1,0.6345,0.5247,-12.263,0.1867,0.9004,0.0045,0.2941,0.5553,86.0,128806,54
TRK001141,Track_1141,Artist_308,rnb,2,1,0.6435,0.4859,-12.17,0.0871,0.2227,0.0563,0.2482,0.5697,82.88,171520,36
TRK001142,Track_1142,Artist_119,hip-hop,9,0,0.5605,0.8042,-9.679,0.2738,0.0689,0.2122,0.1821,0.2764,124.43,231868,68
TRK001143,Track_1143,,classical,11,0,0.672,0.7212,-8.82,0.1345,0.1847,0.0194,0.2849,0.6331,141.16,262228,50
TRK001144,Track_1144,Artist_295,country,1,1,0.7619,0.6422,-7.961,0.2017,0.7637,0.1355,0.3991,0.6426,114.25,225374,52
TRK001145,Track_1145,Artist_116,rock,2,1,0.5745,0.7772,-7.131,0.0731,0.2105,0.0216,0.2372,0.7147,139.87,288098,52
TRK001146,Track_1146,Artist_169,,3,0,0.669,0.5594,-12.366,0.1667,0.6341,0.1177,0.1714,0.4439,130.68,191858,46
TRK001147,Track_1147,Artist_186,pop,10,1,0.4906,0.5261,-8.232,0.0655,0.5279,0.0118,0.2827,0.68,64.63,199556,77
TRK001148,Track_1148,Artist_269,metal,5,0,0.442,0.3714,-18.184,0.2743,0.4128,0.0987,0.12,0.3933,187.05,125995,36
TRK001149,Track_1149,Artist_241,country,3,0,0.9108,0.7283,-5.265,0.0033,0.0,0.3072,0.4096,1.0,86.76,184088,58
TRK001150,Track_1150,Artist_298,pop,3,1,0.5968,0.6425,-7.619,0.049,0.2472,0.0413,0.1074,0.6778,95.55,118108,60
TRK001151,Track_1151,Artist_130,jazz,7,1,0.7707,0.5112,-13.249,0.0923,0.9058,0.1227,0.0925,0.6257,154.19,149622,43
TRK001152,Track_1152,Artist_177,pop,4,0,0.483,0.8136,-6.174,0.1892,0.2328,0.141,0.2177,0.3394,122.55,238355,58
TRK001153,Track_1153,Artist_151,country,1,0,0.5458,0.7536,-7.501,0.1833,0.4362,0.0508,0.2128,0.3218,100.5,134081,40
TRK001154,Track_1154,Artist_318,country,9,1,0.8098,0.6471,-9.363,0.3451,0.0976,0.025,0.2094,0.929,108.85,138531,64
TRK001155,Track_1155,Artist_107,electronic,5,1,0.493,0.6786,-10.378,0.1723,0.2628,0.0249,0.2501,0.6673,97.35,130898,45
TRK001156,Track_1156,Artist_205,rnb,3,0,0.553,0.5496,-12.851,0.0846,0.5906,0.095,0.2803,0.4399,99.59,244936,43
TRK001157,Track_1157,Artist_042,pop,8,1,0.6285,0.6795,-9.832,0.2062,0.1241,0.0291,0.1522,0.4956,144.1,283750,50
TRK001158,Track_1158,Artist_297,rock,8,0,0.6859,0.5341,-12.962,0.2435,0.4544,0.0801,0.1703,0.5855,108.05,206636,45
TRK001159,Track_1159,Artist_135,hip-hop,1,1,0.4661,0.4483,-14.82,0.2791,0.3933,0.0737,0.1252,0.1745,92.08,252429,29
TRK001160,Track_1160,Artist_119,pop,0,0,0.5524,0.2753,-22.873,0.1627,0.8734,0.1304,0.1247,0.3107,100.72,157617,25
TRK001161,Track_1161,Artist_204,hip-hop,0,1,0.2274,0.8454,-5.186,0.1803,0.2263,,0.2491,0.5585,117.65,265345,50
TRK001162,Track_1162,Artist_175,rock,9,1,0.6462,0.7658,-8.312,0.1405,0.3572,0.0536,0.3911,0.7432,101.03,177794,41
TRK001163,Track_1163,Artist_296,hip-hop,7,1,0.577,0.5844,-15.249,0.0758,0.5724,0.0208,0.4096,0.448,113.38,240041,70
TRK001164,Track_1164,Artist_186,hip-hop,9,1,0.7844,0.6992,-9.389,0.5538,0.2599,0.0621,0.4014,0.9357,131.75,208774,63
TRK001165,Track_1165,Artist_181,rnb,7,1,0.7921,0.8441,-6.269,0.0595,0.3365,0.2853,0.0875,0.89,108.54,123691,69
TRK001166,Track_1166,Artist_037,rock,4,1,0.7016,0.5608,-8.856,0.1354,0.333,0.1347,0.1853,0.4236,97.93,170167,51
TRK001167,Track_1167,Artist_008,rnb,7,1,0.7599,0.2872,-18.867,0.0404,0.8254,0.0945,0.1183,0.2629,102.49,217699,36
TRK001168,Track_1168,Artist_140,hip-hop,8,1,0.4259,0.6853,-7.455,0.1081,0.0,0.0107,0.1143,0.5885,160.98,126765,51
TRK001169,Track_1169,Artist_349,rock,4,1,0.4946,0.5799,-8.2,0.2383,0.2858,0.0337,0.1723,0.3945,182.9,223344,51
TRK001170,Track_1170,Artist_321,hip-hop,10,1,0.7936,0.5117,-14.123,0.4188,0.9051,0.2833,0.1336,0.471,123.29,146267,61
TRK001171,Track_1171,Artist_220,hip-hop,10,1,0.7126,0.2293,-19.06,0.0514,0.8807,0.026,0.3171,0.491,142.3,234328,58
TRK001172,Track_1172,Artist_221,rock,9,1,0.2928,0.705,-4.687,0.2272,0.4051,0.054,0.2044,0.558,95.68,148773,38
TRK001173,Track_1173,Artist_137,hip-hop,11,0,0.6736,0.4917,-12.679,0.172,0.36,0.0139,0.2024,0.6678,105.48,229943,62
TRK001174,Track_1174,Artist_062,pop,4,1,,0.7714,-6.208,0.0646,0.0317,0.14,0.573,0.5655,134.6,246747,53
TRK001175,Track_1175,Artist_003,rock,1,0,0.4454,,-12.992,0.1695,0.4113,0.0448,0.2282,0.0269,55.82,202437,47
TRK001176,Track_1176,Artist_119,electronic,5,1,0.5088,0.5428,-10.546,0.2128,0.4451,0.1071,0.3418,0.6407,143.63,206394,60
TRK001177,Track_1177,Artist_111,,8,0,0.8664,0.3992,-15.306,0.3157,0.9454,0.0571,0.2556,0.4345,106.19,276849,44
TRK001178,Track_1178,Artist_067,country,9,1,0.4269,0.4336,-18.492,0.0988,0.7498,0.0901,0.226,0.4494,91.82,174755,43
TRK001179,Track_1179,Artist_091,rock,4,0,0.5585,0.6817,-9.783,0.3589,0.3379,0.0917,0.2769,0.518,132.87,185959,39
TRK001180,Track_1180,Artist_009,latin,3,1,0.5576,0.5302,-14.939,0.1079,0.4817,0.074,0.1091,0.8904,162.39,238829,58
TRK001181,Track_1181,Artist_213,country,5,1,0.6911,0.6235,-10.037,0.1763,0.513,0.5133,0.1682,0.9496,113.24,229004,41
TRK001182,Track_1182,Artist_324,latin,9,0,0.324,0.2266,-21.031,0.0467,0.536,0.1775,0.3692,0.1924,130.18,199072,33
TRK001183,Track_1183,Artist_242,country,0,1,0.5478,0.5375,-11.122,0.128,0.1166,0.0018,0.5251,0.2426,134.7,155323,50
TRK001184,Track_1184,Artist_157,pop,3,0,0.7483,0.4473,-14.06,0.0844,0.6865,0.0633,0.0537,0.3153,128.72,253813,56
TRK001185,Track_1185,Artist_147,electronic,2,1,0.5045,0.366,-18.694,0.1049,0.647,0.1467,0.2033,0.454,94.09,154280,53
TRK001186,Track_1186,Artist_108,pop,9,1,0.7703,0.4716,-14.709,0.4013,0.2922,0.1549,0.1595,0.4646,128.26,312519,60
TRK001187,Track_1187,Artist_050,country,5,0,0.6393,0.4491,-12.754,0.1322,0.1738,0.0454,0.0619,0.2949,127.16,156200,58
TRK001188,Track_1188,Artist_209,electronic,1,0,0.5613,0.5274,-9.871,0.1105,0.6335,,0.1522,0.3929,55.0,160264,38
TRK001189,Track_1189,Artist_198,rock,3,0,0.4198,0.4995,-14.996,0.1755,0.4066,0.1806,0.0366,0.4949,146.01,225378,37
TRK001190,Track_1190,Artist_003,latin,0,0,0.7775,0.5442,-14.441,0.0456,0.5278,0.2137,0.4082,0.5763,79.9,234710,33
TRK001191,Track_1191,Artist_146,pop,5,0,0.7092,0.6143,-6.193,0.0935,0.3382,0.2193,0.1146,0.4973,125.59,166171,55
TRK001192,Track_1192,,electronic,11,1,0.7357,0.445,-14.231,0.1091,0.5488,0.0508,0.1145,0.4726,164.5,286159,42
TRK001193,Track_1193,Artist_060,classical,6,1,0.4986,0.625,-10.05,0.2355,0.2684,0.0734,0.2108,0.464,115.17,224837,33
TRK001194,Track_1194,Artist_246,pop,10,0,0.366,0.5061,-14.492,0.1476,0.4801,0.0728,0.1156,0.4319,92.71,198844,35
TRK001195,Track_1195,Artist_184,electronic,8,0,0.4866,0.4345,-13.968,0.0717,0.6694,0.1733,0.1751,0.4717,137.66,227370,42
TRK001196,Track_1196,Artist_222,country,10,0,0.5663,0.558,-7.951,0.524,0.3924,0.1756,0.1919,0.2034,161.25,264480,44
TRK001197,Track_1197,Artist_250,pop,3,1,0.2211,0.62,-9.8,0.1928,0.3201,0.053,0.0741,0.3965,90.96,282415,52
TRK001198,Track_1198,Artist_343,hip-hop,11,0,0.7321,0.722,-5.773,0.1346,0.3874,0.0665,0.2828,0.567,55.93,218678,70
TRK001199,Track_1199,Artist_281,rock,2,0,0.5364,0.5433,-11.984,0.2657,0.5781,0.1503,0.1318,0.299,155.11,152666,51
TRK001200,Track_1200,Artist_217,jazz,5,0,0.59,0.4792,-15.715,0.1065,0.3161,0.0481,0.28,0.4161,145.92,153367,34
TRK001201,Track_1201,Artist_307,pop,8,0,0.1484,0.3265,-18.321,0.1927,0.6683,0.0196,0.1602,0.4392,132.78,146328,35
TRK001202,Track_1202,Artist_167,latin,3,1,0.469,0.5354,-14.681,0.0575,0.3704,0.1039,0.0718,0.594,71.61,181087,46
TRK001203,Track_1203,Artist_344,rnb,3,0,0.7669,0.8188,-5.508,0.122,0.1837,0.0496,0.0499,0.6992,138.73,211700,63
TRK001204,Track_1204,Artist_266,pop,1,1,0.9115,0.6053,-7.99,0.1081,0.6528,0.07,0.2223,0.5106,150.94,219627,76
TRK001205,Track_1205,Artist_228,rock,0,1,0.2266,0.6197,-10.012,0.1926,0.4449,0.2203,0.429,0.1241,182.38,260700,31
TRK001206,Track_1206,Artist_316,electronic,6,1,0.6841,0.664,-10.069,0.2195,0.7256,0.0193,0.1175,0.4207,114.12,116699,62
TRK001207,Track_1207,Artist_180,jazz,11,0,0.5176,0.5467,-13.71,0.1902,0.4928,0.1562,0.0878,0.4765,126.45,209515,43
TRK001208,Track_1208,Artist_252,hip-hop,2,1,0.763,,-11.562,0.0861,0.4402,0.0772,0.3302,0.5848,61.73,230736,61
TRK001209,Track_1209,Artist_100,pop,5,0,0.6916,0.265,-20.893,0.0623,0.7314,0.3421,0.4207,0.3367,149.11,83640,51
TRK001210,Track_1210,Artist_337,pop,11,1,0.4812,0.4602,-16.37,0.1424,0.5654,0.2293,0.2578,0.5856,148.44,230409,51
TRK001211,Track_1211,Artist_218,metal,9,1,0.4957,-0.7029980098531993,-6.5,0.069,0.3527,0.0962,0.096,0.5892,133.31,332853,40
TRK001212,Track_1212,Artist_273,hip-hop,0,0,0.619,0.778,-7.495,0.0435,0.0435,0.0663,0.094,0.1236,155.25,244801,57
TRK001213,Track_1213,Artist_161,rnb,6,1,0.424,0.5065,-13.511,0.126,0.4515,0.1957,0.4543,0.4377,100.11,223854,49
TRK001214,Track_1214,Artist_303,hip-hop,1,1,,0.4374,-14.749,0.2149,0.4322,0.175,0.4508,0.4547,115.89,197687,44
TRK001215,Track_1215,Artist_026,latin,2,1,0.8069,0.5153,-11.066,0.0679,0.67,0.021,0.3064,0.6299,116.99,220475,28
TRK001216,Track_1216,Artist_040,pop,2,0,0.8411,0.7049,-8.127,,0.0,0.4802,0.0287,0.7799,152.78,279170,62
TRK001217,Track_1217,Artist_177,pop,7,1,0.4451,0.6379,-11.6,0.1144,0.3903,0.1475,0.3561,0.4262,153.41,194396,59
TRK001218,Track_1218,Artist_256,latin,2,0,0.7134,0.6037,-12.275,0.1104,0.123,0.0137,0.3105,0.5706,130.9,263711,43
TRK001219,Track_1219,Artist_283,latin,3,0,0.8157,0.5114,-13.179,0.1317,,0.2681,0.1022,0.5881,129.43,230885,60
TRK001220,Track_1220,Artist_154,rock,2,1,0.4871,0.275,-17.286,0.1965,0.6532,,0.1997,0.3986,137.43,283196,32
TRK001221,Track_1221,Artist_227,rock,4,0,0.4877,0.5222,-12.589,0.0387,0.1507,0.083,0.2959,0.348,112.58,259007,39
TRK001222,Track_1222,Artist_194,hip-hop,7,1,0.7258,0.5869,-11.362,0.0738,0.5827,0.2462,0.2904,0.7787,160.13,218529,61
TRK001223,Track_1223,Artist_336,hip-hop,4,0,0.1207,0.524,-12.37,0.0545,0.023,0.0396,0.2353,0.5438,109.35,215627,35
TRK001224,Track_1224,Artist_229,pop,3,0,0.893,0.51,-12.859,0.2816,0.4843,0.058,0.3412,0.5348,134.03,195902,70
TRK001225,Track_1225,Artist_146,rnb,6,0,0.2462,0.8483,-7.055,0.0478,0.2761,0.0936,0.0408,0.2473,105.3,253961,56
TRK001226,Track_1226,Artist_339,rock,7,1,0.6564,0.4136,-12.465,0.1862,0.8342,0.2279,0.4218,0.248,148.51,183440,31
TRK001227,Track_1227,Artist_038,jazz,0,1,0.9036,0.6781,-10.142,0.1361,0.032,0.0547,0.2627,0.7669,119.21,215118,58
TRK001228,Track_1228,Artist_344,pop,10,0,0.7082,0.5672,-11.237,0.0286,0.3399,0.0481,0.1406,0.673,179.86,201296,78
TRK001229,Track_1229,Artist_054,pop,10,1,0.6259,0.7708,-11.574,0.0325,0.4242,0.0103,0.2554,0.6751,118.46,149644,73
TRK001230,Track_1230,Artist_101,jazz,7,0,0.5975,0.6589,-9.978,0.0391,0.5483,0.1505,0.3758,0.6386,148.25,219918,35
TRK001231,Track_1231,Artist_287,rock,6,1,0.4293,0.3185,-19.412,0.1894,0.912,0.0318,0.1999,0.2524,104.35,141359,47
TRK001232,Track_1232,Artist_257,jazz,8,0,0.8098,0.7938,-8.69,0.1357,0.6673,0.1076,0.2534,0.334,113.4,189830,23
TRK001233,Track_1233,Artist_339,pop,5,1,0.7883,0.622,-4.988,0.0744,0.2865,0.0088,0.0947,0.5329,120.82,240021,68
TRK001234,Track_1234,Artist_262,latin,4,0,,0.8235,-5.334,0.0534,0.2435,0.0363,0.384,0.7838,131.84,217600,42
TRK001235,Track_1235,Artist_223,classical,4,0,0.6854,0.4145,-12.183,0.4742,0.5232,0.0405,0.3437,0.5512,101.1,216882,51
TRK001236,Track_1236,Artist_121,rnb,1,1,0.5879,0.4516,-12.182,0.4358,0.1928,0.168,0.4078,0.549,106.02,171087,50
TRK001237,Track_1237,Artist_002,pop,10,1,0.7851,0.9104,-1.809,0.0909,0.0734,0.1313,0.3821,0.8848,124.5,257199,72
TRK001238,Track_1238,Artist_044,rock,3,0,0.4555,0.6943,-9.163,0.3141,0.0,0.0266,0.1735,0.3468,133.16,170123,50
TRK001239,Track_1239,Artist_104,hip-hop,3,1,0.6789,0.9461,0.348,0.2588,0.0,0.304,0.4033,0.7268,120.98,241785,59
TRK001240,Track_1240,Artist_015,electronic,11,1,0.7402,0.5015,-11.105,0.0295,0.2342,0.2175,0.3024,0.6508,116.98,268448,49
TRK001241,Track_1241,Artist_178,rock,6,0,0.5181,0.8225,-5.814,0.2819,0.2565,0.0969,0.4971,0.4032,84.83,141125,57
TRK001242,Track_1242,Artist_272,pop,7,0,0.7244,0.6652,-8.785,0.0539,0.1946,0.1316,0.2429,0.6743,136.01,191708,62
TRK001243,Track_1243,Artist_337,,2,1,0.5924,0.5221,-12.815,0.1472,0.1566,0.0176,0.1816,0.7325,145.6,187571,51
TRK001244,Track_1244,Artist_171,,3,1,0.6181,0.5175,-12.499,0.0542,0.6383,0.045,0.3987,0.4372,148.91,222280,45
TRK001245,Track_1245,Artist_306,hip-hop,8,1,0.5208,0.3929,-15.452,0.0761,0.4984,0.0024,0.331,0.1118,126.2,167545,43
TRK001246,Track_1246,Artist_344,pop,5,1,0.5319,0.7536,-6.581,0.1687,0.1686,0.0761,0.0685,0.5842,105.11,157556,56
TRK001247,Track_1247,Artist_301,rock,1,1,0.8927,0.7853,-2.896,0.1637,0.0387,0.2574,0.3035,0.6084,112.99,207588,61
TRK001248,Track_1248,Artist_163,electronic,10,1,0.6721,1.9558059163447354,-12.131,0.1748,0.5468,0.3226,0.2094,0.6161,126.32,184749,47
TRK001249,Track_1249,Artist_114,hip-hop,4,1,0.8749,0.6473,-7.246,0.2813,0.4014,0.0164,0.3052,0.5187,121.47,203431,76
TRK001250,Track_1250,Artist_342,rock,8,0,0.727,0.7113,-9.161,0.1024,0.1783,0.0403,0.3324,0.6371,98.34,250171,57
TRK001251,Track_1251,Artist_085,electronic,4,1,0.7737,0.4599,-11.09,0.2188,0.1956,0.1068,0.1019,0.78,74.89,137217,41
TRK001252,Track_1252,Artist_144,country,6,1,0.7402,0.8663,-5.675,0.0215,0.5856,0.155,0.452,0.6813,106.44,204880,60
TRK001253,Track_1253,Artist_026,hip-hop,9,0,0.8331,0.8689,-3.977,0.2967,0.4874,0.1821,0.2435,0.4322,114.25,183406,55
TRK001254,Track_1254,Artist_277,electronic,10,1,0.8399,0.772,-7.366,0.3648,0.4878,0.0487,0.2489,0.7658,130.66,211064,65
TRK001255,,Artist_227,latin,2,1,0.655,0.2752,-21.754,0.2658,0.5983,0.1127,0.121,0.4446,110.53,183584,40
TRK001256,Track_1256,Artist_030,electronic,8,0,0.7987,0.574,-7.546,0.3551,0.3358,0.2486,0.2168,0.6487,114.96,156891,63
TRK001257,Track_1257,Artist_078,rnb,10,0,0.5361,0.5819,-13.272,0.2132,0.4902,0.3142,0.4477,0.6701,125.13,227687,55
TRK001258,Track_1258,Artist_194,country,7,0,0.3495,0.2459,-18.405,0.1039,0.5932,0.4085,0.2238,0.1988,165.87,334714,31
TRK001259,Track_1259,Artist_189,pop,1,0,0.8027,0.2663,-20.457,0.2799,0.5556,0.0469,0.5278,0.4526,117.34,205473,72
TRK001260,Track_1260,Artist_280,hip-hop,2,0,0.5564,0.421,-17.679,0.0277,0.8415,0.1575,0.2035,0.2624,78.64,177323,40
TRK001261,Track_1261,Artist_093,jazz,2,0,0.8789,0.5664,-11.99,0.0882,0.4237,0.0347,0.086,0.6785,102.83,177186,68
TRK001262,Track_1262,Artist_323,metal,1,0,0.3406,0.4992,-14.324,0.0533,0.2993,0.0904,0.2772,0.4081,172.62,252062,52
TRK001263,Track_1263,Artist_156,hip-hop,9,0,0.401,,-9.345,0.0723,0.3885,0.0134,0.2554,0.4577,162.16,170536,57
TRK001264,Track_1264,Artist_288,pop,11,0,0.5964,0.1665,-20.416,0.2185,0.7302,0.0474,0.1012,0.5111,148.31,268483,53
TRK001265,Track_1265,Artist_084,electronic,6,1,0.4777,0.796,-9.748,0.1206,0.0,,0.0616,0.357,141.64,136343,57
TRK001266,Track_1266,Artist_013,pop,7,0,0.667,0.3513,-15.994,0.1398,0.4444,0.1348,0.0885,0.496,141.96,218654,50
TRK001267,Track_1267,Artist_020,classical,9,1,0.5341,0.3765,-15.997,0.126,0.5305,0.1078,0.2443,0.5303,115.31,239850,38
TRK001268,Track_1268,Artist_131,hip-hop,4,0,0.4268,0.7274,-13.454,0.0491,0.3122,0.0957,0.194,0.3991,146.28,244310,48
TRK001269,Track_1269,Artist_333,classical,5,1,0.2176,0.4526,-15.193,0.22,0.5783,0.2156,0.2469,0.0591,147.37,241152,33
TRK001270,Track_1270,Artist_017,rnb,7,1,0.5077,0.5752,-10.314,0.1119,0.6458,0.1231,0.0967,0.1746,145.65,221971,40
TRK001271,Track_1271,Artist_129,electronic,3,1,0.1852,0.5177,-14.95,0.302,0.4396,0.0183,0.2941,0.3425,105.24,261911,34
TRK001272,Track_1272,Artist_039,electronic,0,0,0.5422,,-12.111,0.1823,0.427,0.0359,0.0594,0.7701,112.91,165406,44
TRK001273,Track_1273,Artist_326,classical,6,1,0.7113,0.5835,-10.211,0.1246,0.6406,0.0467,0.1553,0.4646,104.03,181013,41
TRK001274,Track_1274,Artist_236,country,9,0,0.7326,0.7371,-10.022,,0.439,0.0684,0.2759,0.7189,149.91,191863,50
TRK001275,Track_1275,Artist_267,rnb,0,0,0.7681,0.4128,-14.946,0.3163,0.5488,0.1239,0.3383,0.1035,130.49,276758,40
TRK001276,Track_1276,Artist_249,pop,2,1,0.6389,0.7802,-5.02,0.2927,0.2723,0.0152,0.0653,0.6778,132.98,230978,65
TRK001277,Track_1277,Artist_230,electronic,3,0,0.8114,0.688,-10.792,0.2307,0.2264,0.0981,0.1959,0.46,138.12,240686,51
TRK001278,Track_1278,Artist_271,pop,9,0,0.3868,0.3133,-17.561,0.0674,0.4776,0.0875,0.1448,0.2629,82.46,201940,48
TRK001279,Track_1279,Artist_003,rnb,6,1,0.6209,0.4662,-11.214,0.3398,0.9293,0.0377,0.1347,0.5067,146.69,246756,67
TRK001280,Track_1280,Artist_303,jazz,6,0,0.7489,0.8191,-7.866,0.0205,0.0833,0.1105,0.1208,0.3748,106.86,140159,65
TRK001281,Track_1281,Artist_259,hip-hop,7,1,0.5728,0.5362,-11.194,0.1143,0.5169,0.0569,0.2896,1.0,109.4,191599,50
TRK001282,Track_1282,Artist_259,pop,3,0,0.7178,0.5983,-13.211,0.0977,0.1289,0.0826,0.1957,0.4735,98.6,200217,56
TRK001283,Track_1283,Artist_138,rock,8,0,0.7541,0.6071,-10.997,0.0643,0.5254,0.057,0.2106,0.7111,124.24,188655,43
TRK001284,Track_1284,Artist_280,jazz,0,0,0.5337,0.8427,-4.479,0.1955,0.0,0.1095,0.2767,0.8538,120.13,195542,57
TRK001285,Track_1285,Artist_134,pop,1,0,0.3026,0.5054,-18.171,0.099,0.7966,0.06,0.3347,0.4158,83.05,234608,50
TRK001286,Track_1286,Artist_018,pop,9,0,0.7832,0.5525,-13.021,0.1884,0.7711,0.2302,0.1931,0.3748,71.9,220726,58
TRK001287,Track_1287,Artist_317,rnb,7,0,0.8118,0.7667,-6.187,0.1306,0.3351,0.0274,0.2434,0.7021,116.33,263715,52
TRK001288,Track_1288,Artist_082,classical,2,0,0.6106,0.8457,-4.899,0.1217,0.175,0.1481,0.2682,0.29,144.79,116117,44
TRK001289,Track_1289,Artist_036,pop,5,0,0.7812,0.473,-14.744,0.1609,0.4933,0.1209,0.2765,0.5075,142.09,276971,67
TRK001290,Track_1290,Artist_218,rock,0,0,0.5049,0.4858,-15.742,0.2098,0.5056,0.172,0.2806,0.7491,150.02,180762,49
TRK001291,Track_1291,Artist_082,metal,8,1,0.7861,0.593,-9.571,0.2803,0.4806,0.1878,0.1907,0.3573,116.46,269218,41
TRK001292,Track_1292,Artist_300,jazz,9,1,0.6669,0.3606,-16.777,0.0343,0.6556,0.0203,0.2225,0.328,112.1,191210,32
TRK001293,Track_1293,Artist_155,electronic,3,1,0.6891,0.2482,-17.34,0.0196,0.9285,0.0261,0.0247,0.7806,118.89,226628,51
TRK001294,Track_1294,Artist_002,rock,4,1,0.4516,0.5194,-11.736,0.0783,0.3153,0.0536,0.1205,0.4037,144.53,161543,41
TRK001295,Track_1295,Artist_333,rock,2,0,0.5625,0.7598,-8.269,0.0923,0.5153,0.0469,0.1112,0.4082,167.15,155273,38
TRK001296,Track_1296,Artist_180,pop,4,0,0.3537,0.2701,-15.697,0.0881,0.6538,0.1169,0.2782,0.3738,109.11,236150,40
TRK001297,Track_1297,Artist_092,classical,3,1,0.666,0.5191,-13.887,0.1311,0.3466,0.0347,0.2383,0.447,114.56,90117,43
TRK001298,Track_1298,Artist_237,pop,2,0,0.9252,0.4221,-12.094,0.3358,0.6431,0.067,0.4223,0.1252,122.87,155317,51
TRK001299,Track_1299,Artist_186,pop,5,1,0.3648,0.8122,-3.225,0.0118,0.2646,0.1251,0.2654,0.2536,114.57,244500,48
TRK001300,Track_1300,Artist_011,classical,10,0,0.2469,0.506,-10.558,0.0611,0.1814,0.0868,0.2528,0.7085,105.74,191353,43
TRK001301,Track_1301,Artist_266,latin,9,0,0.8753,0.477,-13.903,0.1336,0.4364,0.0099,0.1947,0.6699,118.48,170301,55
TRK001302,Track_1302,Artist_141,classical,3,1,0.1512,0.611,-4.954,0.0223,0.0,0.0449,0.1899,0.5954,99.86,278525,51
TRK001303,Track_1303,Artist_245,hip-hop,11,1,0.6811,0.682,-8.663,0.3767,0.1964,0.1301,0.113,0.4099,142.32,294347,58
TRK001304,Track_1304,Artist_313,hip-hop,2,1,0.8758,0.4102,-14.445,0.5903,0.4759,0.0151,0.0789,0.5778,163.27,210018,66
TRK001305,Track_1305,Artist_214,hip-hop,10,0,0.7603,0.2577,-18.379,0.046,0.7958,0.1763,0.2251,0.4519,114.05,267318,38
TRK001306,Track_1306,Artist_235,rock,3,0,0.6949,0.4559,-16.456,0.0687,0.4023,0.0035,0.3926,0.4238,168.57,278266,48
TRK001307,Track_1307,Artist_089,electronic,6,1,0.6949,0.8306,-2.878,0.1502,0.0702,0.0326,0.296,0.6912,118.98,209265,59
TRK001308,Track_1308,Artist_083,hip-hop,2,0,0.7294,0.8432,-6.709,0.2414,0.3915,0.0932,0.2849,0.4727,102.47,186950,68
TRK001309,Track_1309,Artist_145,electronic,9,1,0.7525,0.4676,-11.69,0.1398,0.904,0.0856,0.4643,0.77,141.22,213992,59
TRK001310,Track_1310,Artist_298,rnb,3,0,0.3797,0.6017,-8.212,0.3162,0.2326,0.497,0.2386,0.5155,96.12,144547,56
TRK001311,Track_1311,Artist_183,metal,10,1,0.6209,0.6209,-9.013,0.3875,0.5626,0.1126,0.1732,0.5154,139.47,235557,40
TRK001312,Track_1312,Artist_122,pop,0,1,0.628,0.3781,-17.204,0.1729,0.6917,0.1684,0.3431,0.4889,129.11,195174,46
TRK001313,Track_1313,Artist_273,hip-hop,6,0,0.727,0.4485,-14.884,0.1802,0.2385,0.0496,0.1637,0.4797,110.7,212541,58
TRK001314,Track_1314,Artist_298,pop,1,1,0.8663,0.551,-17.768,0.0563,0.3066,0.2271,0.1116,0.3224,107.74,211890,57
TRK001315,Track_1315,Artist_315,rock,10,0,0.5288,0.6799,-9.299,0.064,0.0,0.0274,0.2186,0.3476,97.56,171861,38
TRK001316,Track_1316,Artist_105,rock,5,0,0.7891,0.5623,-9.862,0.1126,0.4959,0.4766,0.1294,0.5695,150.88,208388,51
TRK001317,Track_1317,Artist_248,pop,8,1,0.689,0.8112,-6.675,0.0977,0.0,0.132,0.3331,0.5805,115.76,148827,59
TRK001318,Track_1318,Artist_207,classical,10,1,0.5503,0.5886,-12.348,0.2232,0.4355,0.1122,0.0716,0.6202,130.71,188293,52
TRK001319,Track_1319,Artist_157,hip-hop,6,0,0.6763,0.3914,-16.044,0.0993,1.0,0.3817,0.324,0.5922,121.69,159900,35
TRK001320,Track_1320,Artist_139,rnb,0,0,0.7881,0.3532,-13.555,0.0473,0.9335,0.0066,0.3247,0.4275,116.06,170551,47
TRK001321,Track_1321,Artist_040,pop,2,0,0.6368,0.7214,-8.248,0.088,0.1405,0.1308,0.2723,0.4168,131.14,108408,60
TRK001322,Track_1322,Artist_096,pop,2,1,0.6975,0.6873,-4.792,0.1609,0.1311,0.1064,0.3699,0.7403,136.34,190683,65
TRK001323,Track_1323,Artist_192,hip-hop,10,1,0.8058,0.335,-17.886,0.3802,0.8978,0.1529,0.2725,0.5639,125.88,231849,61
TRK001324,Track_1324,Artist_310,pop,10,1,0.5689,0.7007,-8.107,0.2728,0.1184,0.1782,0.095,0.4394,116.71,218000,54
TRK001325,Track_1325,Artist_303,rock,5,0,0.6632,0.6504,-10.644,0.3119,0.528,0.179,0.4016,0.3705,91.57,258775,52
TRK001326,Track_1326,Artist_066,metal,10,0,0.7402,0.6168,-5.866,0.1069,0.8757,0.0119,0.1951,0.4773,105.1,167128,51
TRK001327,Track_1327,Artist_238,pop,2,0,0.4215,0.8475,-4.96,0.1031,0.2741,0.1439,0.4409,0.6069,113.43,188458,65
TRK001328,Track_1328,Artist_030,pop,8,0,0.4652,0.8091,-1.518,0.0612,0.404,0.2157,0.2683,0.8461,122.45,251271,47
TRK001329,Track_1329,Artist_236,electronic,4,0,0.7358,0.4731,-14.516,0.2193,0.7191,0.0189,0.4596,0.5085,73.31,206103,31
TRK001330,Track_1330,Artist_120,hip-hop,2,1,0.4876,0.6847,-5.576,0.0492,0.215,0.4312,0.2688,0.3591,139.35,218324,60
TRK001331,Track_1331,Artist_157,electronic,3,0,0.7924,0.8678,-4.648,0.1507,0.1844,0.1025,0.1766,1.0,130.99,305138,63
TRK001332,Track_1332,Artist_251,hip-hop,5,0,0.7646,0.6976,-6.812,0.0569,0.1302,0.0115,0.1099,0.5713,105.71,198560,46
TRK001333,Track_1333,Artist_149,country,4,1,0.3864,0.7258,-10.715,0.1919,0.5063,0.3063,0.0911,0.335,96.34,188213,40
TRK001334,Track_1334,Artist_282,pop,2,1,0.4251,0.7747,-6.191,0.3076,0.03,0.0083,0.4518,0.4391,102.77,165316,52
TRK001335,Track_1335,Artist_187,hip-hop,4,1,0.7922,0.2263,-21.374,0.0917,0.8999,0.0553,0.3085,0.4034,84.94,196985,54
TRK001336,Track_1336,Artist_349,jazz,1,0,0.3713,0.6682,-8.734,0.0293,0.5355,0.0458,0.1767,0.6796,112.5,255979,51
TRK001337,Track_1337,Artist_223,rnb,11,0,0.8505,0.6141,-13.831,0.3046,0.2974,0.1286,0.1456,0.3464,116.97,235811,50
TRK001338,Track_1338,Artist_104,hip-hop,4,1,0.6522,0.6603,-9.681,0.1289,0.2099,0.0351,0.5322,0.6816,147.72,274465,68
TRK001339,Track_1339,Artist_271,electronic,1,1,0.5698,0.5637,-9.188,0.1566,0.4057,0.1941,0.268,0.5017,135.28,226237,39
TRK001340,Track_1340,Artist_143,pop,6,0,0.4389,0.6079,-9.423,0.1244,0.2315,0.2484,0.3324,0.36,156.92,109162,29
TRK001341,Track_1341,Artist_187,pop,10,1,0.5081,0.5887,-13.764,0.1924,0.4395,0.0911,0.0917,0.4242,125.14,238308,55
TRK001342,Track_1342,Artist_048,pop,4,0,0.3766,0.7711,-11.211,0.0736,0.0638,0.1154,0.1083,0.4442,96.49,214691,52
TRK001343,Track_1343,Artist_042,classical,10,0,0.7338,0.2059,-18.377,0.0458,0.6421,0.0906,0.0567,0.4681,170.74,210076,26
TRK001344,Track_1344,Artist_201,rock,7,0,0.9236,0.2903,-14.135,0.2746,0.8082,,0.3858,0.486,113.08,264820,55
TRK001345,Track_1345,Artist_066,classical,8,1,0.5342,0.5128,-14.84,0.0355,0.5984,0.0621,0.3828,0.4581,78.72,197653,29
TRK001346,Track_1346,Artist_349,pop,3,0,0.4569,0.4145,-10.267,0.0937,0.5327,0.0417,0.3012,0.2608,128.17,236085,47
TRK001347,Track_1347,Artist_299,rnb,0,1,0.4266,0.5684,-11.509,0.1459,0.1352,0.1199,0.1725,0.8336,77.48,161546,57
TRK001348,Track_1348,Artist_245,country,4,0,0.4657,0.6622,-13.74,0.1486,0.5485,0.0526,0.3635,0.673,119.63,141678,51
TRK001349,Track_1349,Artist_257,pop,11,0,0.4954,0.7092,-11.831,0.362,0.2101,0.1111,0.1195,0.6091,108.69,183053,59
TRK001350,Track_1350,Artist_208,pop,9,1,0.597,0.8454,-3.708,0.1629,0.5258,0.2966,0.1663,0.5346,136.66,195884,55
TRK001351,Track_1351,Artist_022,pop,9,1,0.4327,0.5284,-12.091,0.2949,0.4478,0.1768,0.3493,0.5775,148.7,234661,53
TRK001352,Track_1352,Artist_137,rnb,10,0,0.8357,0.599,-7.561,0.3225,0.4255,0.0555,0.3725,0.6896,112.91,160614,63
TRK001353,Track_1353,Artist_174,rock,4,0,0.6602,0.6791,-11.696,0.2183,0.2432,0.0088,0.1652,0.6062,110.91,277813,47
TRK001354,Track_1354,Artist_320,electronic,3,0,0.3939,0.4803,-13.172,0.156,0.5635,0.1659,0.088,0.2994,143.23,166548,33
TRK001355,Track_1355,Artist_077,hip-hop,11,0,0.7854,0.7013,-8.557,0.0584,0.9245,0.2393,0.2587,0.6983,100.53,206034,69
TRK001356,Track_1356,Artist_174,country,6,0,0.563,0.7255,-8.354,0.0186,0.2117,0.033,0.2143,0.8603,123.81,210523,71
TRK001357,Track_1357,Artist_121,hip-hop,3,1,0.7078,0.7424,-8.509,0.2547,0.4873,0.019,0.1692,0.6428,137.16,223466,76
TRK001358,Track_1358,Artist_047,hip-hop,3,0,0.4454,0.5092,-13.596,0.0594,0.5071,0.0626,0.0976,0.3812,99.86,230285,25
TRK001359,Track_1359,Artist_036,metal,10,1,0.5207,0.5813,-10.826,0.2376,0.6299,0.421,0.1808,0.5057,113.58,311793,54
TRK001360,Track_1360,Artist_128,pop,0,1,0.7899,0.6857,-8.249,0.2095,0.0,0.3924,0.1842,0.6534,124.83,182881,56
TRK001361,Track_1361,Artist_029,country,0,1,0.6564,0.4623,-13.273,0.0374,0.8877,0.1703,0.2283,0.4087,159.26,224073,61
TRK001362,Track_1362,Artist_024,pop,8,1,0.3478,0.4506,-11.433,0.3004,0.6107,0.2674,0.4011,0.2308,88.13,206240,34
TRK001363,Track_1363,Artist_123,hip-hop,0,1,0.7061,0.7753,-9.586,0.081,0.1765,0.2729,0.2756,0.7819,117.82,254231,52
TRK001364,Track_1364,Artist_071,rnb,2,0,0.5798,0.6561,-13.551,0.0162,0.5065,0.0468,0.0511,0.7575,159.9,230199,54
TRK001365,Track_1365,Artist_194,jazz,11,0,0.8337,0.573,-9.157,0.1366,0.4529,0.3487,0.3064,1.0,149.2,219889,52
TRK001366,Track_1366,Artist_007,jazz,5,1,0.7469,0.8564,-7.236,0.0724,0.0,0.1149,0.242,0.7683,114.28,142778,56
TRK001367,Track_1367,Artist_106,rock,8,0,0.7488,0.765,-8.004,0.2099,0.0,0.0605,0.0696,0.6757,120.0,189609,65
TRK001368,Track_1368,Artist_159,hip-hop,5,1,0.5107,0.5068,-14.197,0.1634,0.8219,0.0802,0.2403,0.6195,134.86,166053,64
TRK001369,Track_1369,Artist_337,hip-hop,1,1,0.7911,0.3265,-18.212,0.011,0.6334,0.1014,0.1164,0.3568,135.44,189876,43
TRK001370,Track_1370,Artist_222,electronic,2,1,0.2983,0.7281,-11.19,0.0661,0.1616,0.3638,0.2669,0.5547,160.59,172834,61
TRK001371,Track_1371,Artist_308,hip-hop,9,0,0.8127,0.314,,0.4294,0.5896,0.1627,0.3286,0.7126,153.68,186681,45
TRK001372,Track_1372,Artist_120,rock,1,0,0.8929,0.7954,-5.072,0.1109,0.4682,0.029,0.103,0.9146,83.3,191505,58
TRK001373,Track_1373,Artist_157,rock,7,0,0.9219,0.5553,-11.793,0.1553,0.3565,,0.4193,0.9593,77.34,192290,83
TRK001374,Track_1374,Artist_147,rock,4,0,0.73,0.8009,-5.27,0.0348,0.3151,0.1348,0.2129,0.5511,106.78,196758,58
TRK001375,Track_1375,Artist_310,hip-hop,4,0,0.4342,,-12.618,0.0216,0.3728,0.1931,0.2028,0.3552,70.13,168237,42
TRK001376,Track_1376,Artist_335,pop,11,0,0.8486,0.4501,-12.111,0.1569,0.324,0.3233,0.0982,0.5507,158.75,211666,60
TRK001377,Track_1377,Artist_336,rnb,7,0,0.7805,0.3128,-18.236,0.0833,0.8494,0.1206,0.1518,0.3099,80.12,169415,53
TRK001378,Track_1378,Artist_263,electronic,7,1,0.8919,0.4748,,0.0926,0.7237,0.0172,0.1504,0.7145,113.62,183051,63
TRK001379,Track_1379,Artist_176,pop,4,1,0.8376,0.4515,-13.37,0.1512,0.4262,0.1884,0.0105,0.7065,97.61,207741,72
TRK001380,Track_1380,Artist_189,jazz,4,1,0.3981,0.6059,-8.982,0.0867,0.3873,0.2827,0.2934,0.5423,77.56,93828,34
TRK001381,Track_1381,Artist_343,country,8,0,0.6528,0.7233,-9.318,0.1584,0.2942,0.0415,0.0742,0.6238,155.06,322120,47
TRK001382,Track_1382,Artist_100,rock,0,0,0.6294,0.4118,-12.303,0.4403,0.6684,0.3395,0.1227,0.6584,105.85,233614,36
TRK001383,Track_1383,,pop,2,1,0.852,0.5925,-12.837,0.2191,0.7624,0.0205,0.4035,0.7443,175.4,224392,58
TRK001384,Track_1384,Artist_314,pop,7,0,0.6664,0.4649,-12.297,0.0714,0.4768,0.0955,0.3384,0.4041,161.35,186517,55
TRK001385,Track_1385,Artist_135,pop,7,0,0.6317,0.5379,-8.328,0.0258,0.4027,0.3576,0.0335,0.0,121.91,214228,38
TRK001386,Track_1386,Artist_083,classical,1,1,0.4711,0.6019,-10.678,0.2553,0.3666,0.1987,0.3254,0.4131,63.33,155555,45
TRK001387,Track_1387,Artist_196,metal,9,1,0.8573,0.4319,-14.996,0.0115,0.3985,0.1154,0.0908,0.594,112.47,232060,57
TRK001388,Track_1388,Artist_114,pop,6,1,0.2446,0.3855,-15.751,0.0377,0.3045,0.1533,0.2888,0.3035,186.01,134229,31
TRK001389,Track_1389,Artist_311,classical,2,0,0.6835,0.4661,-10.163,0.2184,0.558,0.0514,0.1344,0.4885,133.99,152900,42
TRK001390,Track_1390,Artist_318,pop,9,0,0.4562,0.3035,-16.437,0.2833,0.7914,0.0741,0.1579,0.2649,117.32,178053,41
TRK001391,Track_1391,Artist_107,electronic,11,0,0.6084,0.399,-10.505,0.1094,0.6014,0.2691,0.1545,0.311,104.88,277945,43
TRK001392,Track_1392,Artist_185,classical,5,1,0.5274,0.6086,-9.996,0.2279,0.3801,0.142,0.2246,0.3144,146.84,160415,42
TRK001393,Track_1393,Artist_344,rock,3,0,0.4308,0.4783,-14.916,0.071,0.3599,0.1052,0.1654,0.4896,132.35,225015,50
TRK001394,Track_1394,Artist_260,pop,3,0,0.5737,0.7126,-9.607,0.0282,0.3329,0.3567,0.3143,0.7535,129.95,117174,67
TRK001395,Track_1395,Artist_076,electronic,7,0,0.708,0.7357,-40.454698767729596,0.1543,0.2949,0.1575,0.1863,0.4009,153.81,211116,49
TRK001396,Track_1396,Artist_207,metal,0,0,0.6971,0.5785,-15.764,0.3487,0.507,0.0987,0.3859,0.5551,152.31,288082,56
TRK001397,Track_1397,Artist_217,rock,5,0,0.595,0.4469,-15.213,0.1542,0.6114,0.0051,0.3451,0.6161,134.24,232511,59
TRK001398,Track_1398,Artist_229,pop,0,1,0.5467,0.8054,-7.277,0.196,0.2655,0.0898,0.0443,0.5439,77.57,116711,71
TRK001399,Track_1399,Artist_009,pop,0,1,0.7637,0.8929,-3.829,0.4085,0.3445,0.0491,0.341,0.8351,94.5,211957,72
TRK001400,Track_1400,Artist_105,electronic,5,1,0.5838,0.3971,-10.991,0.0596,0.7059,0.0065,0.0243,0.6458,104.74,189119,51
TRK001401,Track_1401,Artist_299,electronic,8,0,0.794,0.5193,-12.455,0.0525,0.5672,0.0442,0.2765,0.66,120.96,265186,45
TRK001402,Track_1402,Artist_085,country,10,1,0.5333,0.4826,-17.612,0.1749,0.2037,0.1363,0.4427,0.3697,163.97,205492,38
TRK001403,Track_1403,Artist_105,classical,1,1,0.7623,0.4845,-15.351,0.1257,0.7051,0.0715,0.7776,0.7994,179.47,145194,39
TRK001404,Track_1404,Artist_113,rnb,2,0,0.4663,0.8593,-4.518,0.1537,0.0871,0.3489,0.1694,0.5125,132.97,203864,61
TRK001405,Track_1405,Artist_062,country,5,1,0.8261,0.7156,-8.053,0.0833,0.2987,0.1183,0.1569,0.624,137.41,178671,54
TRK001406,Track_1406,Artist_055,rock,6,0,0.7361,0.5919,-7.404,0.0132,0.179,0.0758,0.4242,0.6811,79.69,112790,52
TRK001407,Track_1407,Artist_122,electronic,11,1,,0.4061,-12.954,0.0779,0.9701,0.0637,0.0579,0.4766,110.16,202158,47
TRK001408,Track_1408,Artist_306,rock,8,0,0.4661,0.8083,-4.171,0.0776,0.0,0.0547,0.2224,0.5024,106.51,210200,36
TRK001409,Track_1409,Artist_001,rock,6,0,0.4884,0.5857,-11.591,0.3131,0.6821,0.0945,0.3506,0.4075,104.17,227159,50
TRK001410,Track_1410,Artist_099,latin,0,0,0.5011,0.4724,-11.188,0.127,0.6041,0.0623,0.291,0.4083,138.23,255787,47
TRK001411,Track_1411,Artist_022,jazz,0,1,0.422,0.708,-10.395,0.4269,0.0,0.136,0.2989,0.5231,109.37,197366,54
TRK001412,Track_1412,Artist_196,metal,1,0,0.466,0.9279,-1.456,0.3172,0.4387,0.2771,0.26,0.2294,68.94,142442,30
TRK001413,Track_1413,Artist_088,hip-hop,7,1,,0.1459,-21.411,0.1804,0.9466,0.2032,0.2426,0.3591,145.59,172349,55
TRK001414,Track_1414,Artist_277,electronic,3,0,0.5582,0.4013,-18.358,0.1687,0.1743,0.161,0.2282,0.1239,155.7,209162,42
TRK001415,Track_1415,Artist_205,hip-hop,2,1,0.5333,0.7609,-5.955,0.3944,0.163,0.0013,0.281,0.4831,130.07,264684,64
TRK001416,Track_1416,Artist_274,pop,8,0,0.4969,0.6163,-7.366,0.0668,0.4799,0.1346,0.2953,0.5502,117.29,210177,31
TRK001417,Track_1417,Artist_222,rock,9,0,0.5924,0.4681,-14.597,0.1829,0.8403,0.051,0.1351,0.4214,96.82,204051,48
TRK001418,Track_1418,Artist_153,electronic,5,0,0.6769,0.7719,-3.579,0.2666,0.1544,0.0134,0.1064,0.7513,98.56,199361,61
TRK001419,Track_1419,Artist_301,pop,10,0,0.4715,0.5688,-15.13,0.135,0.0,0.1741,0.3209,0.5238,151.99,209631,51
TRK001420,Track_1420,Artist_167,latin,8,0,0.6643,0.5173,-15.253,0.1075,0.7453,0.1335,0.2455,0.1419,101.05,295970,42
TRK001421,Track_1421,Artist_332,pop,8,0,0.4277,0.8346,-5.962,0.2397,0.2551,0.0392,0.2946,0.7502,178.35,206203,56
TRK001422,Track_1422,Artist_348,pop,10,1,0.4723,0.4944,-13.938,0.2272,0.1037,0.0475,0.2657,0.4805,148.59,198138,39
TRK001423,Track_1423,Artist_206,classical,2,0,0.7341,0.6782,-10.548,0.3713,0.3835,0.0808,0.1973,0.5153,131.51,211721,41
TRK001424,Track_1424,Artist_236,pop,9,0,0.8953,0.2909,-17.307,0.1314,0.7899,0.0003,0.1446,0.4701,198.01,179564,58
TRK001425,Track_1425,Artist_090,rnb,11,0,0.7854,0.408,-16.186,0.1682,0.5335,0.0862,0.1469,0.171,157.72,139741,59
TRK001426,Track_1426,Artist_285,classical,11,1,0.7774,0.5581,-12.511,0.2262,0.293,0.2351,0.4532,0.6344,109.95,131699,61
TRK001427,Track_1427,Artist_235,pop,6,0,0.2863,0.7602,-6.663,0.1912,0.13,0.0368,0.3316,0.5621,93.34,177294,56
TRK001428,Track_1428,Artist_315,jazz,9,1,0.5374,0.8706,-6.316,0.2205,0.0709,0.1645,0.4758,0.4741,110.13,263155,46
TRK001429,Track_1429,Artist_094,electronic,10,0,0.3956,0.5993,-11.049,0.1284,0.4646,0.362,0.1381,0.2749,119.12,262519,61
TRK001430,Track_1430,Artist_275,classical,10,1,0.5863,0.503,-14.354,0.0636,0.6389,0.1034,0.1554,0.5152,100.77,159780,52
TRK001431,Track_1431,Artist_165,country,10,0,0.2504,0.6703,-11.905,0.1825,0.0,0.2519,0.1957,0.6123,90.52,202882,46
TRK001432,Track_1432,Artist_065,jazz,9,0,0.5127,0.2792,-16.177,0.2044,0.7669,0.1127,0.1589,0.5748,128.59,215918,28
TRK001433,Track_1433,Artist_060,electronic,4,1,0.5385,0.8871,-0.726,0.0313,0.2007,0.0195,0.2119,0.752,146.87,177378,63
TRK001434,Track_1434,Artist_197,rock,8,0,0.6729,0.5765,-8.976,0.1074,0.454,0.0258,0.4604,0.9182,174.02,268890,43
TRK001435,Track_1435,Artist_112,jazz,4,0,0.6747,0.2418,-17.951,0.1317,0.6853,0.05,0.1817,0.6046,124.15,244291,63
TRK001436,Track_1436,Artist_036,latin,9,1,0.4292,0.4523,-15.46,0.0821,0.8032,0.1434,0.195,0.6097,138.87,226238,34
TRK001437,Track_1437,Artist_150,electronic,9,0,0.8409,0.4557,-14.607,0.2774,0.7863,0.0963,0.2887,0.6036,70.17,213083,51
TRK001438,Track_1438,Artist_228,jazz,11,1,0.8292,0.6806,-6.7,0.354,0.2534,0.2279,0.2714,0.599,146.04,139663,48
TRK001439,Track_1439,Artist_112,hip-hop,7,0,0.8901,0.7538,-12.435,0.4102,0.2312,0.2034,0.4924,0.9186,93.75,271063,65
TRK001440,Track_1440,Artist_334,classical,5,0,0.8597,0.7829,-7.576,0.0579,0.3561,0.0978,0.3168,0.5343,130.53,236123,63
TRK001441,Track_1441,Artist_273,metal,1,0,0.5914,0.6128,-8.904,0.0466,0.6181,0.1072,0.1492,0.6069,120.79,228416,49
TRK001442,Track_1442,Artist_179,pop,7,0,0.6083,0.4231,-17.195,0.2551,0.4301,0.0197,0.198,0.3624,115.23,176792,53
TRK001443,Track_1443,Artist_327,pop,6,0,0.3949,0.3864,-14.567,0.2831,0.4253,0.3461,0.149,0.424,80.46,180695,51
TRK001444,Track_1444,Artist_152,electronic,6,1,0.7761,0.612,-9.706,0.1001,0.4373,0.0261,0.2464,0.6617,100.8,232254,46
TRK001445,Track_1445,Artist_049,hip-hop,8,1,1.7775863851455402,0.5831,-14.37,0.0372,0.2146,0.268,0.2344,0.5636,95.27,259600,61
TRK001446,Track_1446,Artist_013,electronic,10,0,0.9252,0.7544,,0.1634,0.0,0.0859,0.137,0.7272,105.37,287617,67
TRK001447,Track_1447,Artist_328,pop,1,1,0.4777,0.4038,-16.476,0.2287,0.4486,0.0223,0.1628,0.5022,155.11,176908,45
TRK001448,Track_1448,Artist_335,hip-hop,5,1,0.6235,0.8826,-3.666,0.1062,0.1924,0.1562,0.0913,0.7642,112.12,202850,64
TRK001449,Track_1449,Artist_258,electronic,8,1,0.5335,0.6642,-7.914,0.1836,0.6155,0.0285,0.2368,0.2707,103.16,115755,51
TRK001450,Track_1450,Artist_036,electronic,9,0,0.6905,0.4553,-13.105,0.1251,0.4171,0.2306,0.4302,0.5119,140.19,99249,27
TRK001451,Track_1451,Artist_103,jazz,9,1,0.8534,0.8126,-5.964,0.2691,0.1651,0.0062,0.1975,0.6432,131.14,233597,72
TRK001452,Track_1452,Artist_015,classical,9,0,0.5145,0.7606,-6.631,0.2583,0.2674,0.1859,0.3477,0.5827,178.9,171601,60
TRK001453,Track_1453,Artist_018,jazz,10,1,0.5169,0.7519,-10.046,0.2738,0.1314,0.1562,0.3974,0.4708,150.31,121204,36
TRK001454,Track_1454,Artist_086,country,11,1,0.6513,0.3575,-16.203,0.2432,0.5116,0.0231,0.2068,0.6977,66.31,157666,40
TRK001455,Track_1455,Artist_200,electronic,7,0,0.7136,0.566,-13.301,0.3804,0.4943,0.0031,0.246,0.5569,144.54,225427,68
TRK001456,Track_1456,Artist_023,electronic,2,0,0.6561,0.9778,-0.219,0.1624,0.0,0.0727,0.2166,0.8651,141.21,227275,72
TRK001457,Track_1457,Artist_344,electronic,6,0,0.6634,0.5136,-11.198,0.1366,0.3483,0.092,0.0855,0.3569,168.47,136323,54
TRK001458,Track_1458,Artist_159,pop,8,1,0.5592,0.3528,-14.741,0.1262,0.6107,0.1643,0.1653,0.3746,116.44,265638,53
TRK001459,Track_1459,Artist_093,rock,1,1,0.7869,0.7244,-4.294,0.1187,0.3337,0.0145,0.275,0.547,152.7,178693,59
TRK001460,Track_1460,Artist_181,electronic,9,0,0.36,0.5506,-12.613,0.379,0.1767,0.0038,0.1384,0.4756,112.07,222370,37
TRK001461,Track_1461,Artist_276,rnb,6,0,0.2773,0.4601,-15.085,0.1588,0.5163,0.4883,0.265,0.1225,130.13,211693,27
TRK001462,Track_1462,Artist_110,jazz,11,0,0.5194,0.4713,-14.408,0.2488,0.2963,0.1968,0.2207,0.1411,92.46,209479,47
TRK001463,Track_1463,Artist_017,pop,2,0,0.6258,0.4025,-18.67,0.1,0.4743,0.3179,0.2684,0.3599,83.52,167837,55
TRK001464,Track_1464,Artist_018,electronic,10,1,0.4126,0.4926,-16.515,0.2631,0.6494,0.1856,0.344,0.5091,146.35,208905,48
TRK001465,Track_1465,Artist_298,rock,5,0,0.7841,0.3701,-14.492,0.1902,0.6166,0.0238,0.2067,0.3866,122.1,222121,41
TRK001466,Track_1466,Artist_039,classical,6,0,0.8065,0.7095,-11.461,0.0872,0.591,0.1577,0.265,0.7091,86.14,201030,65
TRK001467,Track_1467,Artist_222,country,7,1,0.3357,0.6001,-13.163,0.2907,0.3869,0.2924,0.1119,0.2946,144.81,214541,29
TRK001468,Track_1468,Artist_135,electronic,6,0,0.7566,0.3092,-17.422,0.0488,0.865,0.3408,0.0995,0.1832,55.0,259581,58
TRK001469,Track_1469,,electronic,10,1,0.5151,0.7991,-7.326,0.0548,0.3439,0.0162,0.1783,0.7149,99.32,188793,51
TRK001470,Track_1470,Artist_022,rock,2,1,0.6963,0.5323,-10.34,0.2786,,0.1264,0.2762,0.6665,75.5,239401,42
TRK001471,Track_1471,Artist_314,hip-hop,8,0,0.3749,0.3152,-16.933,0.0998,0.448,0.0569,0.2274,0.3219,155.58,200531,43
TRK001472,Track_1472,Artist_244,rnb,11,1,0.6036,0.8105,-7.926,0.19,0.1706,0.0029,0.1587,0.613,109.86,274104,59
TRK001473,Track_1473,Artist_157,classical,2,1,0.4199,0.7099,-6.245,0.0594,0.1942,0.1616,0.3144,0.4501,124.21,146730,45
TRK001474,Track_1474,Artist_073,hip-hop,3,1,0.6282,0.4295,-12.948,0.7699827026411443,0.4677,0.052,0.2464,0.2972,130.52,268671,38
TRK001475,Track_1475,Artist_342,hip-hop,5,0,0.5459,0.3269,-19.911,0.1108,0.7011,0.4328,0.3242,0.6452,144.64,186075,50
TRK001476,Track_1476,Artist_106,pop,8,0,0.6795,0.5086,-12.257,,0.2305,0.0973,0.1095,0.5157,141.47,305030,66
TRK001477,Track_1477,Artist_172,pop,11,0,1.790677130987028,0.7223,-9.682,0.07,0.1204,0.1973,0.1067,0.6863,144.43,229587,62
TRK001478,Track_1478,Artist_138,pop,9,0,0.8718,0.6678,-10.94,0.1541,,0.1514,0.104,0.5863,114.57,248261,50
TRK001479,Track_1479,Artist_081,hip-hop,9,0,0.5426,0.3952,-11.193,0.3324,0.5591,0.0142,0.1052,0.5122,145.89,202758,49
TRK001480,Track_1480,Artist_146,latin,5,1,0.8675,0.5692,-11.205,0.1152,0.2926,0.1226,0.1801,0.8457,103.65,240632,47
TRK001481,Track_1481,Artist_053,hip-hop,7,1,0.7782,0.8185,-6.472,0.0794,0.0551,0.314,0.0939,0.7166,110.74,240613,46
TRK001482,Track_1482,Artist_001,rock,2,0,,0.2271,-18.818,0.193,0.7973,0.1931,0.3562,0.3747,78.97,203591,29
TRK001483,Track_1483,Artist_102,pop,5,0,0.6354,0.7741,-5.047,0.1614,0.1457,0.0224,0.1801,0.7649,168.94,244393,79
TRK001484,Track_1484,Artist_040,rock,2,0,0.8025,0.2457,-20.137,0.1465,0.7551,0.2528,0.4345,0.6244,94.18,60000,45
TRK001485,Track_1485,Artist_145,country,0,0,0.7654,0.6596,-10.656,0.0834,0.1395,0.1679,0.136,0.8132,161.5,181013,53
TRK001486,Track_1486,Artist_302,hip-hop,10,1,1.4455268692389613,0.3863,-14.056,0.1199,0.4646,0.1048,0.4888,0.5009,137.04,210963,56
TRK001487,Track_1487,Artist_057,country,9,0,0.3089,0.8429,-8.792,0.2316,0.5245,0.0572,0.308,0.5417,127.58,232585,52
TRK001488,Track_1488,Artist_001,country,6,0,0.6809,0.6945,-6.542,0.1454,0.18,0.1813,0.0938,0.6426,132.28,253740,39
TRK001489,Track_1489,Artist_039,pop,0,1,0.3415,0.3692,-19.409,0.0426,0.2516,0.0328,0.3032,0.4886,92.17,198628,64
TRK001490,Track_1490,Artist_178,electronic,1,0,0.7779,0.5678,-12.048,0.2922,0.4937,0.2839,0.4763,0.5211,166.96,192429,56
TRK001491,Track_1491,Artist_096,latin,1,0,0.6274,0.384,-19.069,0.1864,0.4886,0.2013,0.6161,0.5622,111.87,249218,52
TRK001492,Track_1492,Artist_171,hip-hop,8,0,0.5699,0.5103,-15.096,0.0842,0.5335,0.0067,0.0982,0.8986,150.36,261819,53
TRK001493,Track_1493,Artist_011,pop,2,1,0.5182,0.7927,-3.706,0.1092,0.1912,0.1233,0.0909,0.6252,106.79,243293,42
TRK001494,Track_1494,Artist_117,latin,3,0,0.7396,0.3575,-13.836,0.2699,0.7414,0.1434,0.2569,0.2925,81.92,203113,42
TRK001495,Track_1495,Artist_144,rnb,10,1,0.8397,0.6787,-6.536,0.0667,0.3034,0.1086,0.2954,0.6131,177.54,324685,49
TRK001496,Track_1496,Artist_151,electronic,10,1,0.4155,0.4934,-16.333,0.1471,0.4658,0.0961,0.3434,0.5214,105.1,213570,57
TRK001497,Track_1497,Artist_193,electronic,9,0,0.7412,0.4963,-15.393,0.2395,0.7103,0.1916,0.0601,0.4366,134.93,219739,39
TRK001498,Track_1498,Artist_273,pop,3,1,0.4542,0.4442,-13.479,,0.1565,0.0427,0.0897,0.2338,55.0,283482,48
TRK001499,Track_1499,Artist_164,country,6,1,0.6137,0.6029,-9.162,,0.1585,0.0808,0.109,0.2889,120.01,278762,51
TRK001500,Track_1500,Artist_294,hip-hop,2,0,0.4928,0.2776,,0.0731,0.5739,0.2969,0.0521,0.3314,138.91,241838,46
TRK001501,Track_1501,Artist_185,pop,10,1,0.9341,0.5701,-12.731,0.1783,0.1252,0.1492,0.0559,0.96,125.99,169424,64
TRK001502,Track_1502,Artist_091,,1,0,0.6164,0.2953,-19.992,0.162,0.6184,0.1058,0.162,0.3351,119.26,215069,24
TRK001503,Track_1503,Artist_080,latin,8,0,0.7601,0.6651,-5.719,0.0262,0.2308,0.1775,0.2339,0.7825,116.09,233284,41
TRK001504,Track_1504,Artist_113,,6,1,0.8848,0.3775,-16.74,0.2134,0.798,0.0181,0.1423,0.5301,146.38,297842,44
TRK001505,Track_1505,Artist_209,rock,9,0,0.8615,0.4189,-14.716,0.3013,0.5652,0.0547,0.1491,0.5146,85.78,342738,38
TRK001506,Track_1506,Artist_085,pop,5,0,0.8503,0.3629,-15.832,0.3319,0.5988,0.1399,0.057,0.6527,115.37,183044,58
TRK001507,Track_1507,Artist_320,latin,1,0,0.7696,0.6043,-8.273,0.1051,0.3273,0.0163,0.3941,0.3318,162.17,248369,43
TRK001508,Track_1508,Artist_168,latin,9,0,0.6981,0.6531,-11.727,0.1193,0.1575,0.3145,0.4102,0.8932,80.48,173325,42
TRK001509,Track_1509,Artist_302,electronic,7,1,0.7217,0.8232,-3.319,0.272,0.3371,0.0081,0.1132,0.7596,119.02,204380,51
TRK001510,Track_1510,Artist_239,jazz,5,1,0.7201,0.4376,-17.186,0.1521,0.7802,0.0637,0.3594,0.7164,91.11,170962,36
TRK001511,Track_1511,Artist_117,hip-hop,4,0,0.5268,0.3319,-14.133,0.0984,0.4499,0.0704,0.467,0.3568,130.43,285115,46
TRK001512,Track_1512,Artist_080,hip-hop,4,1,0.316,0.5351,-16.001,0.3874,0.7565,0.0623,0.3315,0.4688,122.92,220702,41
TRK001513,Track_1513,Artist_260,pop,5,0,0.8405,0.5579,-11.957,0.0373,0.3214,0.0663,0.1941,0.7914,95.57,223204,65
TRK001514,Track_1514,Artist_116,pop,3,0,0.6313,0.6296,-6.574,0.298,0.235,0.2851,0.5495,0.5381,122.68,212216,56
TRK001515,,Artist_087,rock,3,1,0.7955,0.4252,-13.112,0.0929,0.6599,0.2251,0.3078,0.3996,123.84,226933,44
TRK001516,Track_1516,Artist_325,country,3,1,0.7508,0.3377,-15.644,0.1977,0.7635,0.1345,0.3874,0.3363,104.94,228471,49
TRK001517,Track_1517,Artist_169,pop,0,0,0.5538,0.8705,-7.155,0.1248,0.1167,0.0577,0.2225,0.5278,110.34,179166,48
TRK001518,Track_1518,Artist_017,rock,11,0,0.7527,,-10.51,0.2104,0.251,0.0805,0.3198,0.6699,103.86,134048,61
TRK001519,Track_1519,Artist_173,electronic,2,1,0.3306,0.3008,-14.425,0.1547,0.9102,0.0754,0.1946,0.2748,58.15,150266,42
TRK001520,Track_1520,Artist_161,pop,1,1,0.7784,0.5385,-11.113,0.1311,0.3493,0.0015,0.1788,0.5007,147.95,137518,59
TRK001521,Track_1521,Artist_302,pop,1,0,0.7363,0.6792,-7.099,0.1646,0.3084,0.0755,0.0309,0.7411,155.46,218771,57
TRK001522,Track_1522,Artist_249,electronic,11,1,0.6774,0.6475,-9.592,0.1774,0.6574,0.0009,0.1266,0.4985,72.99,173258,57
TRK001523,Track_1523,Artist_067,hip-hop,5,1,0.5492,0.4593,-14.515,0.0988,0.3,0.0774,0.1085,0.3503,155.83,254104,53
TRK001524,Track_1524,Artist_053,electronic,3,1,0.6319,0.9025,-2.459,0.1114,0.015,0.0934,0.1382,0.8193,133.24,220829,50
TRK001525,Track_1525,Artist_211,rnb,4,0,0.4043,0.5978,-10.279,0.2878,0.5868,0.2483,0.3088,0.5403,91.14,127406,51
TRK001526,Track_1526,Artist_017,pop,1,1,0.835,0.6647,-9.75,0.088,0.4303,0.1676,0.3064,0.4379,116.14,191528,77
TRK001527,Track_1527,Artist_112,rnb,3,1,0.9649,0.6366,-13.106,0.1179,0.5243,0.0482,0.1345,0.4674,102.24,114471,59
TRK001528,Track_1528,Artist_049,rnb,2,1,0.6474,0.3365,-14.498,0.2185,0.4253,0.1412,0.4105,0.2597,147.85,158510,55
TRK001529,Track_1529,Artist_008,country,9,0,0.6381,,-16.423,0.2525,0.7574,0.0087,0.4226,0.4368,96.31,187937,47
TRK001530,Track_1530,Artist_321,electronic,0,0,0.7602,0.7449,-8.946,0.3028,0.2037,0.1959,0.1313,0.8649,181.44,167458,65
TRK001531,Track_1531,Artist_032,electronic,5,1,0.7876,0.5764,-8.724,,0.8326,0.048,0.3207,0.8667,154.44,294821,55
TRK001532,Track_1532,,electronic,9,0,0.2987,0.4333,-13.93,0.1543,0.7124,0.1959,0.3056,0.4712,87.7,243695,38
TRK001533,Track_1533,Artist_326,jazz,10,1,0.6131,0.6625,-8.846,0.2063,0.3335,0.3181,0.1503,0.9021,167.88,195247,43
TRK001534,Track_1534,Artist_066,pop,6,1,0.7297,0.6845,-6.995,0.2298,0.3669,0.0144,0.2586,0.6542,142.44,274209,72
TRK001535,Track_1535,Artist_285,latin,2,0,0.4666,0.6677,-7.839,0.0589,0.3421,0.0497,0.3948,0.6933,117.78,166148,42
TRK001536,Track_1536,Artist_011,electronic,4,1,0.6021,0.765,-6.523,0.0446,0.3608,0.361,0.1843,0.4859,140.92,195051,69
TRK001537,Track_1537,Artist_054,country,2,1,0.5386,0.4764,-13.934,0.0506,0.3694,0.0798,0.377,0.179,147.89,248425,44
TRK001538,Track_1538,Artist_039,hip-hop,7,0,0.5944,0.4688,-9.322,0.2166,0.7769,0.048,0.4385,0.426,100.77,159796,55
TRK001539,Track_1539,Artist_247,pop,3,1,0.4586,0.5708,-13.057,0.1833,0.1908,0.1955,0.4849,0.4336,145.38,240826,39
TRK001540,Track_1540,Artist_217,hip-hop,7,1,0.3959,0.5133,-11.066,0.158,0.5236,0.184,0.1697,0.8731,109.88,223175,58
TRK001541,Track_1541,Artist_166,hip-hop,7,0,0.6655,0.2705,-18.234,0.04,0.5811,0.0809,0.0736,0.4441,144.8,236463,47
TRK001542,Track_1542,Artist_085,hip-hop,11,1,0.6983,0.1883,-35.08899373620758,0.3999,0.8194,0.2341,0.1171,0.2469,118.18,290883,39
TRK001543,Track_1543,Artist_032,rock,4,0,0.6915,0.7854,-4.007,0.1758,0.3924,0.2366,0.3929,0.8097,93.79,230499,50
TRK001544,Track_1544,Artist_199,rock,11,0,0.4801,0.6683,-9.984,0.1505,0.0235,0.0027,0.2237,0.3632,139.65,215671,34
TRK001545,Track_1545,Artist_081,,4,1,0.6361,0.488,-11.94,0.1805,0.4815,0.0282,0.4317,0.5329,111.4,142619,52
TRK001546,Track_1546,Artist_206,hip-hop,8,0,0.589,0.7862,-6.12,0.1442,0.0,0.1905,0.3905,0.7481,126.33,219462,58
TRK001547,Track_1547,Artist_240,latin,7,0,0.7405,0.5059,-14.281,0.0864,0.4438,0.043,0.5347,0.3926,133.45,188402,36
TRK001548,Track_1548,Artist_297,pop,9,0,0.528,0.6563,-6.793,0.0713,0.084,0.0651,0.2557,0.7905,163.14,204459,65
TRK001549,Track_1549,Artist_173,rock,5,1,0.6551,0.6231,-8.727,0.2158,0.406,0.2029,0.4421,0.7657,109.8,188695,71
TRK001550,Track_1550,Artist_002,rock,9,0,0.5867,0.5064,-13.816,0.1411,0.4169,0.0874,0.1092,0.5548,98.25,232118,33
TRK001551,Track_1551,Artist_098,electronic,4,1,0.8018,0.6209,-7.912,0.1995,0.5135,0.0368,0.0968,0.9434,168.08,165422,62
TRK001552,Track_1552,Artist_298,hip-hop,5,0,0.7802,0.8334,-7.495,0.2455,0.3878,0.2034,0.3422,0.624,122.09,219542,78
TRK001553,Track_1553,Artist_187,jazz,5,0,0.9849,0.3102,-17.24,0.2448,0.6917,0.0177,0.3844,0.7447,106.74,163129,47
TRK001554,Track_1554,Artist_217,latin,8,0,0.5105,0.304,,0.2785,,0.0414,0.4525,0.4363,132.14,129056,44
TRK001555,Track_1555,Artist_160,rock,7,0,0.8525,0.3652,-14.313,0.1743,0.8837,0.2853,0.2162,0.4466,112.38,194621,50
TRK001556,Track_1556,Artist_057,jazz,0,0,0.8377,0.6593,-10.551,0.2192,0.1747,0.0905,0.3487,0.5483,114.5,230875,61
TRK001557,Track_1557,Artist_313,pop,9,1,0.6406,0.4452,-12.537,0.3386,0.8131,0.0414,0.1979,0.8597,194.06,175035,76
TRK001558,Track_1558,Artist_270,rock,9,0,0.3983,0.8243,-4.559,0.0993,0.1691,0.0059,0.2935,0.7084,94.34,216146,35
TRK001559,Track_1559,Artist_348,hip-hop,1,1,0.5611,0.7004,-9.417,0.0626,0.1235,,0.2535,0.7077,81.73,193665,60
TRK001560,Track_1560,Artist_299,pop,11,1,0.6175,0.7365,-3.771,0.2667,0.3172,0.3322,0.1334,0.4731,156.31,163406,52
TRK001561,Track_1561,Artist_102,electronic,7,1,0.7297,0.5465,-13.616,0.2674,0.4405,0.0671,0.1829,0.6971,111.38,235078,57
TRK001562,Track_1562,Artist_089,jazz,1,0,0.7526,0.6479,-12.845,0.0348,0.0988,0.1506,0.1145,0.5492,130.93,180690,52
TRK001563,Track_1563,Artist_087,classical,5,1,0.4951,0.6536,-7.737,0.1274,0.1482,0.1251,0.116,0.8072,139.87,226858,47
TRK001564,Track_1564,Artist_321,hip-hop,10,1,0.4196,0.8119,-10.867,0.1582,0.4828,0.153,0.0813,0.7413,73.01,144291,47
TRK001565,Track_1565,Artist_195,electronic,3,1,0.7744,0.7284,-4.693,0.2835,0.3217,0.1987,0.3069,0.8189,153.94,216156,53
TRK001566,Track_1566,Artist_159,hip-hop,11,1,0.7085,0.5863,-10.877,0.1745,0.6804,0.239,0.4309,0.7213,106.28,238073,77
TRK001567,Track_1567,Artist_338,pop,5,0,0.7881,0.8697,-8.007,0.0795,0.0553,0.0532,0.4054,0.6932,175.17,225829,56
TRK001568,Track_1568,Artist_211,pop,2,1,0.2689,0.2478,-20.634,0.3108,0.6079,0.011,0.1043,0.3454,99.7,250164,53
TRK001569,Track_1569,Artist_318,jazz,4,0,0.5463,0.8541,-8.805,0.2671,0.0,0.1803,0.3374,0.8722,165.84,239047,46
TRK001570,Track_1570,,metal,6,1,0.4,0.5998,-9.962,0.0474,0.5744,0.046,0.3708,0.5239,170.91,223464,45
TRK001571,Track_1571,Artist_028,pop,8,1,0.531,0.3204,-19.87,0.3988,0.7535,0.0934,0.2629,0.2498,108.29,248070,65
TRK001572,Track_1572,Artist_127,electronic,11,1,0.4359,0.5172,-11.518,0.2082,0.4095,0.0296,0.3058,0.6531,116.67,193180,57
TRK001573,Track_1573,Artist_257,classical,2,0,0.6677,0.7212,-8.805,0.2686,0.1362,0.1727,0.2478,0.4806,113.21,233457,37
TRK001574,Track_1574,Artist_284,country,11,0,0.2361,0.4539,-15.059,0.1868,0.7489,0.3551,0.1949,0.3098,164.55,210980,29
TRK001575,Track_1575,Artist_052,electronic,6,1,0.754,-0.3600679477064209,-8.653,0.186,0.3214,0.2218,0.2573,0.5304,127.02,293277,56
TRK001576,Track_1576,Artist_112,electronic,1,1,0.6716,0.3918,-14.009,0.2147,0.5783,0.032,0.1106,0.0197,136.92,222307,54
TRK001577,Track_1577,Artist_192,jazz,11,0,0.4954,0.4294,-12.031,0.2413,0.4624,0.1535,0.1112,0.4548,117.98,152154,41
TRK001578,Track_1578,Artist_279,rnb,4,0,0.8568,0.6991,-10.014,0.2835,0.2276,0.0881,0.3637,1.0,135.22,221386,63
TRK001579,,Artist_040,pop,7,0,0.4552,0.5501,-11.963,0.1724,0.5489,0.1144,0.2135,0.505,137.04,167195,68
TRK001580,Track_1580,Artist_210,latin,8,1,0.5533,0.3821,-16.991,0.1716,0.3629,0.1203,0.3501,0.9661,105.29,242782,62
TRK001581,Track_1581,Artist_104,pop,0,0,0.5274,0.4826,-13.023,0.1024,0.5319,0.0113,0.1469,0.4287,171.63,243592,59
TRK001582,Track_1582,Artist_076,country,2,0,0.9553,0.796,-8.2,0.0521,0.376,0.0782,0.4521,0.7984,116.3,182591,57
TRK001583,Track_1583,Artist_180,pop,8,1,0.5636,0.6981,-9.576,0.2581,0.2867,0.1117,0.4254,0.5292,150.84,163297,34
TRK001584,Track_1584,Artist_145,pop,3,0,0.6888,0.6448,-10.735,,0.5449,0.0611,0.3082,0.5965,86.67,215974,49
TRK001585,,Artist_222,pop,0,1,0.4376,0.7369,-7.142,0.2866,0.5044,0.002,0.2025,0.5714,141.15,169321,44
TRK001586,Track_1586,Artist_111,hip-hop,0,0,0.5036,0.7309,-7.914,0.3438,0.4318,0.2889,0.0259,0.8043,151.82,172269,56
TRK001587,Track_1587,Artist_288,rock,9,1,0.3493,0.4383,-13.244,0.0979,0.465,0.0911,0.064,0.2096,129.45,187227,44
TRK001588,Track_1588,Artist_028,pop,1,1,0.3986,0.7447,-7.852,0.0413,0.2489,0.0331,0.3605,0.4916,152.13,238093,73
TRK001589,Track_1589,Artist_301,hip-hop,1,1,0.2917,0.6238,-11.553,0.1134,0.4385,0.0616,0.3287,0.5104,102.2,143222,60
TRK001590,Track_1590,Artist_011,hip-hop,6,0,0.5752,0.842,-5.055,0.0806,0.0734,0.0404,0.3107,0.834,135.23,176048,57
TRK001591,Track_1591,Artist_257,classical,1,0,0.2308,0.819,-8.0,0.3605,0.0904,0.2617,0.3731,0.0521,79.42,317943,39
TRK001592,Track_1592,Artist_121,rnb,7,0,0.6202,0.5497,-10.654,0.1466,0.3489,0.0249,0.1552,0.2698,126.16,297921,52
TRK001593,Track_1593,Artist_134,jazz,6,1,0.8819,0.2145,-19.91,0.5362,1.0,0.1254,0.4048,0.5292,99.8,264440,33
TRK001594,Track_1594,,pop,7,0,0.6779,0.6063,-10.211,0.1984,0.3449,0.3175,0.272,0.7687,120.07,211970,52
TRK001595,Track_1595,Artist_246,rock,5,0,0.44,0.5186,-12.106,0.2205,0.6737,0.0451,0.4818,0.343,160.62,243839,37
TRK001596,Track_1596,Artist_058,rnb,9,0,0.5702,0.6903,-5.291,0.239,0.1533,0.1353,0.2488,0.6686,170.66,192687,72
TRK001597,Track_1597,Artist_231,pop,7,1,0.5536,0.3727,-14.96,0.0237,0.9336,0.3926,0.3053,0.7856,86.09,88286,55
TRK001598,Track_1598,Artist_254,hip-hop,4,1,0.3837,0.7569,-7.188,0.0069,0.175,0.1691,0.1717,0.4894,156.87,184340,40
TRK001599,Track_1599,Artist_295,latin,0,1,0.6918,0.8359,-7.132,0.0752,0.1736,0.2763,0.1101,0.6128,161.18,188670,50
TRK001600,Track_1600,Artist_248,latin,3,1,0.4354,0.5345,-10.476,0.1826,0.1356,0.0896,0.1852,0.5179,131.09,211270,47
TRK001601,Track_1601,Artist_106,hip-hop,1,1,0.5108,0.8443,-6.019,0.1456,0.3566,0.1554,0.1468,0.6078,160.02,231733,56
TRK001602,Track_1602,Artist_258,jazz,0,0,0.8851,0.6507,-13.04,0.088,0.5893,0.1791,0.105,0.722,110.38,284291,54
TRK001603,Track_1603,Artist_289,hip-hop,3,0,0.3832,0.8952,-4.735,0.2398,0.0,0.0504,0.3326,0.5032,107.61,211430,63
TRK001604,Track_1604,Artist_111,classical,2,0,0.7884,0.6247,-9.834,0.1074,0.5867,0.1929,0.1838,0.5771,107.73,164841,65
TRK001605,Track_1605,Artist_044,pop,0,0,0.6709,0.7899,-8.424,0.0372,0.0,0.2292,0.3957,0.4476,141.99,201183,71
TRK001606,Track_1606,Artist_311,pop,3,0,0.7976,0.6654,-9.622,0.1191,0.4484,0.0127,0.4142,0.7522,119.28,238984,63
TRK001607,Track_1607,Artist_052,,6,0,0.6995,0.6851,-9.086,0.0757,0.2631,0.2603,0.0708,0.4174,101.96,204950,52
TRK001608,Track_1608,Artist_208,rock,2,0,0.8823,0.6106,-10.69,0.1738,0.6299,0.048,0.4338,0.5137,103.3,173841,52
TRK001609,Track_1609,Artist_083,jazz,3,0,0.533,0.6741,-6.453,0.0744,0.3707,0.4302,0.4371,0.3102,122.03,233605,51
TRK001610,Track_1610,Artist_044,rock,0,1,0.7671,0.9162,-6.728,0.3169,0.2514,0.3917,0.214,0.6571,98.22,158574,53
TRK001611,Track_1611,Artist_271,rnb,0,1,0.5772,0.4524,-9.573,0.2349,0.7704,0.0134,0.2439,0.4728,140.71,170464,31
TRK001612,Track_1612,Artist_051,country,1,1,0.217,0.3769,-15.781,0.0839,0.5707,0.0075,0.2896,0.0816,155.46,228724,35
TRK001613,Track_1613,Artist_234,hip-hop,5,0,0.4399,0.9033,-2.852,0.047,0.0915,0.0178,0.2225,0.5162,149.27,174665,63
TRK001614,Track_1614,Artist_242,country,7,0,0.6631,0.66,-9.198,0.1587,0.1399,0.1289,0.0298,0.6085,203.51,194135,47
TRK001615,Track_1615,Artist_022,rock,9,1,0.8397,0.6418,-13.677,0.063,0.3042,0.0177,0.2248,0.37,133.5,210715,70
TRK001616,Track_1616,Artist_061,hip-hop,7,1,0.9149,0.1783,-22.401,,,0.0612,0.0852,0.3874,169.47,208113,48
TRK001617,Track_1617,Artist_278,pop,7,0,0.7072,0.5244,-13.617,0.0423,0.6117,0.1278,0.378,0.8766,127.15,166454,75
TRK001618,Track_1618,Artist_178,rnb,11,0,0.6784,,-5.347,0.2266,0.0635,,0.3144,0.4897,114.2,224799,43
TRK001619,Track_1619,Artist_043,country,3,0,0.421,0.3584,-19.16,0.309,0.9352,0.0417,0.3874,0.4924,125.34,168710,42
TRK001620,Track_1620,Artist_347,rnb,9,1,0.2741,0.8785,-6.556,0.1128,0.1915,0.1999,0.2806,0.3894,126.66,284279,39
TRK001621,,Artist_093,rnb,11,0,0.669,0.4788,-13.103,0.0605,0.6706,0.082,0.3415,0.5547,118.54,191937,50
TRK001622,Track_1622,Artist_002,latin,6,1,0.6024,0.5505,-10.85,0.0478,0.5378,0.1559,0.2034,0.3702,91.69,237355,51
TRK001623,Track_1623,Artist_323,rock,10,0,0.6293,0.1989,-18.65,0.2183,0.8766,0.0871,0.1756,0.0605,94.58,242991,30
TRK001624,Track_1624,Artist_006,latin,1,1,0.6757,0.4744,-15.728,0.0277,0.166,0.1879,0.1458,0.4407,153.73,194030,39
TRK001625,Track_1625,Artist_194,electronic,10,1,0.7647,0.4695,-17.187,0.1163,0.7298,0.0081,0.1314,0.6379,145.36,166481,54
TRK001626,Track_1626,Artist_347,hip-hop,6,1,0.3028,0.2672,-16.936,0.0367,0.327,0.3784,0.1058,0.4019,171.8,242834,72
TRK001627,Track_1627,Artist_202,electronic,2,0,0.6794,0.5913,-7.839,0.0275,0.5916,0.0755,0.4339,0.5884,111.0,145983,57
TRK001628,Track_1628,Artist_205,rock,0,1,0.7955,,-13.945,0.006,0.5263,0.098,0.1507,0.4401,108.39,152859,50
TRK001629,Track_1629,Artist_136,rock,8,1,0.376,0.5265,-14.935,0.205,0.6239,0.1278,0.152,0.5691,89.82,237314,46
TRK001630,Track_1630,Artist_045,rock,5,0,0.2315,0.7054,-9.427,0.0639,0.3231,0.0068,0.2117,0.2711,151.57,200964,24
TRK001631,Track_1631,Artist_200,pop,3,0,0.7089,0.7193,-7.309,0.0876,0.4686,0.2227,0.0924,0.5018,97.02,178189,68
TRK001632,Track_1632,Artist_314,hip-hop,4,0,0.8025,0.7404,-8.225,0.2024,0.2625,0.1365,0.555,0.4938,121.14,187559,68
TRK001633,Track_1633,Artist_032,rnb,11,0,0.6077,,-6.291,0.1704,0.3863,0.2228,0.2357,0.4798,130.77,174202,34
TRK001634,Track_1634,Artist_308,electronic,5,0,0.6054,0.7567,-5.317,0.2147,0.3161,0.3448,0.4558,0.5341,78.22,308151,75
TRK001635,Track_1635,Artist_145,electronic,0,1,0.7148,0.3345,-16.235,0.1091,1.0,0.0014,0.4059,0.5416,143.75,255827,52
TRK001636,Track_1636,Artist_188,hip-hop,3,1,0.5115,0.7668,-11.431,0.1873,0.3413,0.0782,0.1576,0.305,150.28,172905,44
TRK001637,Track_1637,Artist_058,hip-hop,1,1,0.5912,0.4492,-15.641,0.3246,0.3138,0.1565,0.0982,0.3904,129.75,195930,52
TRK001638,Track_1638,Artist_218,,8,1,0.2863,0.7791,-8.066,0.2675,0.1194,0.0139,0.2021,0.3074,119.57,236856,43
TRK001639,Track_1639,Artist_064,country,9,1,0.5055,0.4392,-15.98,0.2052,0.6684,0.3929,0.3621,0.5082,121.1,166088,25
TRK001640,Track_1640,Artist_096,pop,10,1,0.8198,0.9135,,0.0599,0.3133,0.0015,0.0514,0.7931,161.21,184857,69
TRK001641,Track_1641,Artist_252,jazz,7,0,0.5728,0.5485,-11.467,0.1883,0.3215,0.0078,0.1779,0.3144,123.49,196584,43
TRK001642,Track_1642,Artist_018,classical,9,1,0.7383,0.7671,-10.807,0.1412,0.6361,0.3108,0.2708,0.7393,121.43,170337,40
TRK001643,Track_1643,Artist_157,electronic,5,0,0.6115,0.5465,-10.207,0.0953,0.4851,0.1236,0.3691,0.507,102.77,259338,45
TRK001644,Track_1644,Artist_208,rnb,7,0,0.4555,0.4119,-14.902,0.082,0.6638,0.0922,0.1385,0.5419,55.0,177853,35
TRK001645,,Artist_047,rock,1,0,0.5606,0.556,-10.981,0.184,0.2183,0.148,0.3172,0.3806,152.7,204760,41
TRK001646,Track_1646,Artist_103,rnb,6,1,0.652,0.4114,-13.312,0.1071,0.7894,0.06,0.1839,0.5937,121.92,215250,56
TRK001647,Track_1647,Artist_120,classical,6,0,0.7221,0.3859,-17.198,0.237,0.5339,0.288,0.3018,0.6657,97.49,281376,48
TRK001648,Track_1648,Artist_232,country,0,1,0.9198,0.5587,-8.938,0.1138,0.307,0.0882,0.0276,0.6719,181.09,206116,56
TRK001649,Track_1649,Artist_341,jazz,6,1,0.8727,0.8463,-5.693,0.2652,0.0966,0.0252,0.3502,1.0,134.3,306162,49
TRK001650,Track_1650,Artist_292,country,8,0,0.8153,0.3644,-12.655,0.0572,0.8845,0.0545,0.1665,0.6329,116.23,193678,50
TRK001651,Track_1651,Artist_067,metal,4,0,0.8427,0.7975,-8.423,0.2433,0.2864,0.2427,0.3111,1.0,150.51,200064,51
TRK001652,Track_1652,Artist_007,hip-hop,6,0,0.8727,0.778,-3.721,0.2529,0.062,0.2743,0.3707,1.0,132.3,252163,53
TRK001653,Track_1653,Artist_019,country,3,1,0.8292,0.8375,-7.564,0.3653,0.067,0.1199,0.1635,0.4151,131.76,296403,64
TRK001654,Track_1654,Artist_208,classical,3,0,0.5743,0.7635,-1.595,0.0956,0.4902,0.0607,0.1897,0.783,104.96,198097,42
TRK001655,Track_1655,Artist_055,hip-hop,1,1,0.5341,0.3886,,0.2772,0.5689,0.0076,0.1856,0.5193,141.5,265627,51
TRK001656,Track_1656,Artist_081,latin,3,0,0.6604,0.1528,-18.315,0.2804,0.9481,0.031,0.2483,0.4445,148.33,248133,36
TRK001657,Track_1657,Artist_296,hip-hop,9,1,0.6761,0.827,-6.603,0.1335,0.3179,0.2095,0.521,0.5247,105.11,175765,51
TRK001658,Track_1658,Artist_305,electronic,11,1,0.8218,0.348,-14.77,0.1019,0.0366,0.2661,0.2145,0.3812,68.94,209185,61
TRK001659,Track_1659,Artist_293,pop,7,1,0.6241,0.7469,-7.658,0.2198,0.4807,0.0477,0.3225,0.4027,148.6,208169,54
TRK001660,Track_1660,Artist_089,rock,7,1,0.5443,0.3249,-19.253,0.1132,0.5217,0.0461,0.2568,0.8089,139.6,163581,41
TRK001661,Track_1661,Artist_217,country,7,0,0.4222,0.4262,-20.776,0.3847,0.5089,0.2639,0.1138,0.4769,145.58,217388,32
TRK001662,Track_1662,Artist_214,hip-hop,5,1,0.6581,0.3691,-10.363,0.08,0.908,0.0087,0.0787,0.2307,123.29,213600,51
TRK001663,Track_1663,Artist_065,hip-hop,5,0,0.4433,,-16.908,0.2527,0.9454,0.0166,0.4152,0.1703,148.96,226862,41
TRK001664,Track_1664,Artist_194,rock,7,0,0.5219,0.4548,-20.469,0.0622,0.6339,0.0687,0.5698,0.0795,103.72,213142,32
TRK001665,Track_1665,Artist_184,hip-hop,9,0,0.5909,0.4369,-13.722,0.1917,0.6942,0.0345,0.0924,0.6832,116.78,179972,46
TRK001666,Track_1666,Artist_139,country,4,1,0.4684,0.6629,-7.9,0.1847,0.5132,0.0762,0.1615,0.5009,92.69,320077,46
TRK001667,Track_1667,Artist_263,rnb,6,1,0.5267,0.7742,-8.54,0.2102,0.4832,0.1421,0.1891,0.6496,154.41,219763,48
TRK001668,Track_1668,Artist_237,pop,5,1,0.5839,0.4488,-15.684,0.168,0.8315,0.1537,0.1535,0.4703,120.69,268495,68
TRK001669,Track_1669,Artist_186,electronic,3,0,0.5253,0.7731,-7.036,0.2773,0.2463,0.0811,0.3998,0.7276,128.49,229713,52
TRK001670,Track_1670,Artist_254,hip-hop,3,0,0.8486,0.7446,-4.974,0.374,0.1227,0.052,0.2323,0.621,134.13,277814,68
TRK001671,Track_1671,Artist_267,electronic,0,1,0.7616,0.4282,-14.36,0.0535,0.5259,0.0379,0.2017,0.5958,115.32,175078,54
TRK001672,Track_1672,Artist_198,hip-hop,5,1,0.643,0.4732,-10.371,0.279,0.5497,0.0115,0.114,0.5543,145.03,205998,52
TRK001673,Track_1673,Artist_094,hip-hop,8,1,0.6209,0.7604,-4.783,0.0296,,0.0013,0.0224,0.3867,168.42,189836,66
TRK001674,Track_1674,Artist_265,hip-hop,8,0,0.3574,0.8547,-5.7,0.0564,0.0,0.1451,0.498,0.3798,149.43,184261,57
TRK001675,Track_1675,Artist_251,electronic,11,0,0.698,0.7273,-11.455,0.0814,0.3513,0.0147,0.1476,0.5641,73.75,222038,64
TRK001676,Track_1676,Artist_344,hip-hop,0,0,0.7874,0.2552,-18.885,0.1054,0.4626,0.12,0.4566,0.5514,125.07,198920,58
TRK001677,Track_1677,Artist_053,hip-hop,9,1,,0.4302,-13.378,0.199,0.5852,0.2535,0.1386,0.651,126.35,145778,34
TRK001678,Track_1678,Artist_147,country,9,0,0.4077,0.9134,-3.773,,0.1135,0.3303,0.0993,0.574,156.78,196377,52
TRK001679,Track_1679,Artist_323,classical,5,1,0.5443,0.3637,-14.602,0.1205,0.657,0.0563,0.3006,0.4065,106.63,192630,39
TRK001680,Track_1680,Artist_180,rock,3,0,0.3781,0.9029,-2.236,0.2999,0.2503,0.0879,0.2161,0.592,92.87,249633,45
TRK001681,Track_1681,Artist_329,country,4,0,0.7141,0.5635,-10.434,0.2095,0.5658,0.3134,0.246,0.5403,145.4,144888,79
TRK001682,Track_1682,Artist_005,rnb,8,1,0.5745,0.6919,-9.383,0.146,0.7082,0.1487,0.0585,0.5466,121.46,186919,39
TRK001683,Track_1683,Artist_013,pop,10,0,0.713,0.8985,-3.09,0.1561,0.0084,0.0187,0.3043,0.9582,104.53,176232,70
TRK001684,Track_1684,Artist_278,electronic,7,0,0.158,0.7076,-3.516,0.0555,0.3427,0.0858,0.2289,0.3286,114.72,243523,41
TRK001685,Track_1685,Artist_126,rock,6,1,0.8285,0.3157,-20.332,0.1561,0.723,0.0819,0.4123,0.5805,82.49,185454,48
TRK001686,Track_1686,Artist_182,classical,7,0,0.7118,0.4841,-12.279,0.0207,0.5462,0.0716,0.5125,0.4236,126.76,257072,38
TRK001687,Track_1687,Artist_150,rock,0,1,0.6324,0.6725,-5.175,0.0109,0.0998,0.0109,0.4555,0.7969,113.49,207881,56
TRK001688,Track_1688,Artist_143,jazz,7,0,0.7766,0.8723,-7.394,0.1635,0.0,0.0163,0.3697,0.5407,136.92,232039,48
TRK001689,Track_1689,Artist_328,rock,0,0,0.4091,0.3765,-13.515,0.1421,0.6247,0.0726,0.1143,0.3529,116.26,259756,40
TRK001690,Track_1690,Artist_033,hip-hop,11,0,0.7482,0.8634,-2.51,0.0052,0.0,0.0935,0.0578,0.8657,122.99,155903,69
TRK001691,Track_1691,Artist_270,latin,10,0,0.6064,0.4317,-17.752,0.0851,0.5082,0.0886,0.2602,0.3181,109.25,198877,40
TRK001692,Track_1692,Artist_311,hip-hop,6,0,0.6687,0.5897,-9.46,0.2297,0.2938,0.0993,0.2155,0.7135,114.87,228949,58
TRK001693,Track_1693,Artist_230,rnb,4,1,0.4597,0.5915,-11.584,0.3112,0.3548,0.0116,0.3049,0.0951,90.37,218904,58
TRK001694,Track_1694,Artist_138,metal,8,0,0.5433,0.6983,-8.771,0.1694,0.5055,0.3273,0.2944,0.3423,150.9,151635,49
TRK001695,Track_1695,Artist_056,rnb,7,0,0.442,0.6797,-9.762,0.2071,0.1262,0.1005,0.3813,0.4698,120.83,241343,50
TRK001696,Track_1696,Artist_239,pop,8,1,0.5411,0.1772,-17.213,0.1439,0.9793,0.3802,0.4065,0.7892,66.3,212147,52
TRK001697,Track_1697,Artist_164,country,6,0,-0.7191287313066267,0.5781,-11.529,0.1607,0.3191,0.0775,0.2112,0.4452,77.61,215770,42
TRK001698,Track_1698,Artist_053,pop,2,0,0.7427,0.6854,-9.94,0.0313,0.2342,,0.32,0.6541,151.05,200039,69
TRK001699,Track_1699,Artist_126,hip-hop,0,1,0.5404,0.7329,-8.859,0.2066,0.3509,0.2814,0.1205,0.7563,120.79,66819,52
TRK001700,Track_1700,,rnb,3,1,0.7689,0.3578,-16.878,0.1107,0.5928,0.2824,0.143,0.3257,121.44,234545,66
TRK001701,Track_1701,Artist_093,jazz,6,0,0.6359,0.4879,-15.64,0.8987514772462368,0.3514,0.0569,0.2475,0.0,121.92,236461,42
TRK001702,Track_1702,Artist_063,electronic,5,0,0.8117,0.4886,-14.29,0.3582,0.4448,0.12,0.3963,0.8983,135.65,191035,85
TRK001703,Track_1703,Artist_239,hip-hop,6,0,0.2985,0.7262,-7.765,0.1561,0.0,0.1138,0.1591,0.5473,164.86,143196,71
TRK001704,Track_1704,Artist_070,country,3,1,0.6343,0.6227,-9.411,0.3403,0.4459,0.0651,0.5104,0.4732,134.46,185906,44
TRK001705,Track_1705,Artist_322,jazz,11,0,0.488,0.8944,-1.673,,,0.1814,0.2878,0.593,130.61,254774,53
TRK001706,Track_1706,Artist_300,hip-hop,4,1,0.7875,0.7841,-6.219,0.0368,0.3757,0.1127,0.2039,0.8682,106.0,191646,70
TRK001707,Track_1707,Artist_344,rnb,10,0,0.6101,0.2215,-20.171,0.2213,0.8893,0.0033,0.2149,0.3788,78.81,211013,52
TRK001708,Track_1708,Artist_319,rock,4,0,0.7295,0.3212,-19.158,0.1226,0.9671,0.1833,0.1174,0.5168,135.29,194989,46
TRK001709,Track_1709,Artist_086,pop,5,1,0.7246,0.3562,-15.516,0.2982,1.0,0.1614,0.2145,0.8671,137.55,224192,69
TRK001710,Track_1710,Artist_075,jazz,7,0,0.5886,0.7341,-8.108,0.0278,0.4343,0.0359,0.1225,0.348,152.79,150741,33
TRK001711,Track_1711,Artist_120,metal,3,0,0.4701,0.6895,-9.016,0.0221,0.1976,0.0006,0.4123,0.5959,169.94,200898,43
TRK001712,Track_1712,Artist_164,rock,2,1,0.5419,0.558,-11.145,0.0701,0.833,0.2005,0.062,0.2692,89.52,259332,40
TRK001713,Track_1713,Artist_308,rock,4,1,0.3977,0.7238,-6.935,0.044,0.0613,0.1628,0.4385,0.7636,104.81,168731,42
TRK001714,Track_1714,Artist_256,pop,9,0,0.8838,0.629,-9.569,0.2477,0.0285,0.1438,0.6735,0.7206,140.71,197633,50
TRK001715,Track_1715,Artist_225,rnb,1,1,0.6153,0.722,-8.492,0.2303,0.6115,0.1648,0.1544,0.4559,122.03,257381,60
TRK001716,Track_1716,Artist_307,rock,5,1,0.4383,0.7284,-9.738,0.0928,,0.1094,0.1971,0.2321,162.41,243601,33
TRK001717,Track_1717,Artist_226,hip-hop,8,1,0.3339,0.4747,-14.905,0.2432,0.1877,0.0937,0.1277,0.3034,116.58,230357,38
TRK001718,Track_1718,Artist_133,metal,8,0,0.7201,0.7126,-6.458,0.0383,0.0435,0.04,0.2865,0.6568,178.03,227498,62
TRK001719,Track_1719,Artist_145,pop,5,1,0.53,0.6343,-10.977,0.3527,0.4649,0.0772,0.1546,0.719,123.57,226785,70
TRK001720,Track_1720,Artist_181,electronic,0,0,0.7922,0.8112,-9.115,0.2478,0.0322,0.0986,0.1377,0.4936,167.57,199628,56
TRK001721,Track_1721,Artist_031,hip-hop,0,1,0.48,0.3755,-13.188,0.2809,0.4938,0.0062,0.3346,0.249,55.0,259595,36
TRK001722,Track_1722,Artist_259,country,5,1,0.5555,0.7185,-10.265,0.1329,0.6354,0.0193,0.2572,0.462,135.62,188916,42
TRK001723,Track_1723,Artist_228,rock,9,0,0.6327,0.4283,-14.499,0.0198,0.9583,0.2964,0.0928,0.3451,122.65,165257,51
TRK001724,Track_1724,Artist_256,hip-hop,0,1,0.6148,0.4133,-13.826,0.1294,0.6131,0.1305,0.1008,0.3787,63.38,147723,60
TRK001725,Track_1725,Artist_187,pop,10,0,0.7747,0.5252,-12.438,0.1009,0.4477,0.0372,0.3475,0.4123,121.57,182251,62
TRK001726,Track_1726,Artist_274,classical,8,0,0.7954,0.3641,-21.441,0.1676,0.7983,0.3759,0.1175,0.6105,87.34,181678,48
TRK001727,Track_1727,Artist_332,country,0,1,0.8266,0.611,-9.7,0.2352,0.2879,0.0074,0.2995,0.5489,107.45,177987,42
TRK001728,Track_1728,Artist_199,pop,4,1,0.745,0.4107,-12.047,0.3382,0.1878,0.5364,0.3176,0.5309,130.55,157097,56
TRK001729,,Artist_156,hip-hop,2,1,0.71,0.5123,-10.999,0.0894,0.0,0.1023,0.4954,0.6036,118.56,226831,64
TRK001730,Track_1730,Artist_037,rnb,11,1,0.8001,0.7405,-12.383,0.207,0.2463,0.1557,0.1845,0.4209,131.98,167408,58
TRK001731,Track_1731,Artist_272,pop,6,1,0.5161,0.503,-8.254,0.0486,0.6557,0.1165,0.5735,0.5652,126.4,234680,55
TRK001732,Track_1732,Artist_316,rock,3,0,,0.4238,-17.592,0.1086,0.579,0.0023,0.3538,0.646,187.92,242445,45
TRK001733,Track_1733,Artist_245,electronic,3,1,0.6149,0.3074,-19.609,0.2117,0.8384,0.268,0.1518,0.4722,129.26,325785,56
TRK001734,Track_1734,Artist_303,rock,6,0,0.8523,0.3984,-13.516,0.0128,0.7654,0.3649,0.0978,0.549,125.15,189542,35
TRK001735,Track_1735,Artist_301,rock,0,0,0.489,0.5747,-10.361,0.4481,,0.0353,0.2432,0.4227,133.79,202814,44
TRK001736,Track_1736,Artist_279,hip-hop,3,0,0.7142,0.3066,,0.258,0.7269,0.1809,0.4243,0.4884,121.27,176415,55
TRK001737,Track_1737,Artist_176,pop,1,0,0.8181,0.8178,-7.262,0.1403,0.2319,0.1377,0.201,0.7216,77.65,157280,78
TRK001738,Track_1738,Artist_035,electronic,7,0,0.6019,0.8788,-1.738,0.1691,0.1146,0.1344,0.5027,0.416,141.37,191088,66
TRK001739,Track_1739,Artist_002,jazz,8,1,0.4385,0.4362,-14.489,0.1789,0.5172,0.2289,0.0496,0.6836,158.14,175079,52
TRK001740,Track_1740,Artist_072,electronic,5,1,0.2703,0.6288,-13.61,0.0977,0.0882,0.0799,0.125,0.2665,165.55,156718,41
TRK001741,Track_1741,Artist_151,pop,1,0,0.4289,0.4294,-11.841,0.0313,0.7815,0.0361,0.3267,0.4053,141.3,220650,70
TRK001742,Track_1742,Artist_260,country,4,0,0.7046,0.6217,-9.84,0.2075,0.3092,0.0946,0.1975,0.7944,114.47,161759,64
TRK001743,Track_1743,Artist_160,pop,10,1,0.8787,0.6574,-7.085,0.2357,0.2633,0.2379,0.2429,0.614,129.36,235464,61
TRK001744,Track_1744,Artist_009,classical,2,0,0.4604,0.4379,-13.107,0.0731,0.4646,0.0463,0.2257,0.4531,172.02,248512,39
TRK001745,Track_1745,Artist_074,hip-hop,1,1,0.3498,0.4434,-8.983,0.1018,0.3153,0.194,0.1291,0.0,115.73,171087,46
TRK001746,Track_1746,Artist_342,country,1,1,0.5971,0.7107,-9.047,0.1529,0.2739,0.0701,0.4978,0.2107,88.58,272933,42
TRK001747,Track_1747,Artist_345,pop,9,0,0.4931,0.9298,-3.51,0.2251,0.1632,0.1023,0.0617,0.5927,183.86,228053,50
TRK001748,Track_1748,Artist_132,pop,1,1,0.4071,0.5434,-10.461,0.177,0.3296,0.2291,0.2864,0.4575,93.49,206720,50
TRK001749,Track_1749,Artist_281,hip-hop,6,1,0.4588,0.4084,-15.683,0.0095,0.7783,0.0245,0.1485,0.5985,77.99,129961,29
TRK001750,Track_1750,Artist_252,pop,11,1,0.8427,0.851,-3.512,0.068,0.0827,0.0073,0.525,0.8713,130.94,132906,75
TRK001751,Track_1751,Artist_326,rock,7,0,0.4192,0.7054,-14.965,0.1408,0.0187,0.111,0.1466,0.199,133.45,280769,48
TRK001752,Track_1752,Artist_310,classical,4,1,0.8684,0.5401,-12.277,0.1044,0.7071,0.1287,0.1477,0.8581,134.83,269383,54
TRK001753,Track_1753,Artist_220,country,2,1,0.5703,0.3281,-17.009,0.2232,0.7077,0.093,0.0821,0.2071,146.59,281983,49
TRK001754,Track_1754,Artist_138,pop,0,0,0.7017,0.522,-12.821,0.2477,0.6334,0.0556,0.1907,0.7038,117.47,293577,68
TRK001755,Track_1755,Artist_219,rnb,1,1,0.4741,0.6423,-11.799,0.3334,0.5173,0.0916,0.2101,0.4069,117.88,271861,38
TRK001756,Track_1756,Artist_112,country,11,1,0.7582,0.7327,-5.888,0.1042,0.097,0.0203,0.301,1.0,105.95,220727,61
TRK001757,Track_1757,Artist_122,rnb,1,0,0.4584,0.5373,-13.289,0.1968,0.3687,0.1244,0.3264,0.3381,125.83,235191,39
TRK001758,Track_1758,Artist_213,jazz,0,0,0.7242,0.6055,-10.238,0.179,0.5806,0.0051,0.2122,0.5745,137.17,179205,49
TRK001759,Track_1759,Artist_200,jazz,9,1,0.6935,0.6676,-9.395,0.2199,0.6628,0.0352,0.2841,0.6242,147.39,220736,63
TRK001760,Track_1760,Artist_203,electronic,5,0,0.8324,0.2806,-16.725,0.1751,0.7307,0.1089,0.3381,0.4792,96.86,243552,57
TRK001761,Track_1761,Artist_135,jazz,4,1,0.4276,0.7576,-4.184,0.0936,0.1295,0.0438,0.2245,0.3281,87.11,244417,39
TRK001762,Track_1762,Artist_143,rnb,8,0,0.4651,0.4616,-13.415,0.0292,0.8412,0.2768,0.0134,0.8176,146.78,204354,49
TRK001763,Track_1763,Artist_004,pop,6,1,0.6744,0.3795,-13.8,0.0521,0.5077,0.1138,0.2802,0.3764,107.19,118667,46
TRK001764,Track_1764,Artist_211,rock,10,1,0.8355,0.5507,-11.567,0.0229,0.5086,0.0876,0.1687,0.5024,94.42,141903,48
TRK001765,Track_1765,Artist_201,pop,5,1,0.3234,0.5672,-12.635,0.2499,0.3558,0.3339,0.1616,0.3743,70.2,231420,60
TRK001766,Track_1766,Artist_327,latin,8,1,0.7081,0.6815,-9.319,0.3548,0.3669,0.0788,0.2245,0.642,161.41,187258,76
TRK001767,Track_1767,,hip-hop,10,0,0.6051,0.5929,-11.579,0.2459,0.2369,0.022,0.2054,0.4065,129.72,239934,70
TRK001768,Track_1768,Artist_164,jazz,5,0,0.6386,0.558,-10.473,0.0717,0.3745,0.1274,0.1295,0.7043,137.27,155224,52
TRK001769,Track_1769,Artist_024,country,3,1,0.4911,0.78,-6.605,0.2464,0.107,0.0347,0.1389,0.5715,134.25,271271,52
TRK001770,Track_1770,Artist_069,metal,11,1,0.7227,0.7822,-8.539,0.1908,0.337,0.0303,0.3118,0.6526,127.95,167807,65
TRK001771,Track_1771,Artist_118,pop,2,0,0.5545,0.4613,-14.339,0.25,0.568,0.0009,0.3097,0.5615,121.35,276443,56
TRK001772,Track_1772,Artist_132,country,0,1,0.4783,0.3526,-19.599,0.3379,0.8058,0.1118,0.2813,0.2359,120.03,140182,24
TRK001773,Track_1773,Artist_127,rnb,6,1,0.442,0.727,-8.412,0.1155,0.1243,0.1443,0.3002,0.398,94.65,237150,64
TRK001774,Track_1774,Artist_138,pop,11,0,0.6879,0.3848,-15.531,0.0489,0.5777,0.0851,0.44,0.4903,72.57,168083,44
TRK001775,Track_1775,Artist_269,classical,1,0,0.6029,0.3179,-13.028,0.1278,0.7946,0.1068,0.1252,0.5999,184.88,209601,54
TRK001776,Track_1776,Artist_046,rock,10,1,,0.5639,,0.1473,0.5906,0.0024,0.2497,0.3482,123.06,258435,47
TRK001777,Track_1777,Artist_116,jazz,9,1,0.3921,0.8169,,0.107,0.0,0.1955,0.3605,0.4552,109.75,250579,62
TRK001778,Track_1778,Artist_057,hip-hop,11,0,0.449,0.5852,-10.682,0.1105,0.472,0.048,0.2534,0.0774,99.57,172960,54
TRK001779,Track_1779,Artist_108,rock,5,1,0.6059,0.4979,-12.564,0.2297,0.3557,0.0391,0.1917,0.3721,151.39,182434,40
TRK001780,Track_1780,Artist_239,pop,3,1,0.6717,0.8541,-5.716,0.0289,0.3095,0.0189,0.205,0.3541,126.05,139225,72
TRK001781,Track_1781,Artist_017,pop,6,0,0.8645,0.7397,-8.093,0.1336,0.5952,0.323,0.1025,0.4456,97.82,129360,59
TRK001782,Track_1782,Artist_119,pop,1,0,0.8645,0.5753,,0.2514,0.0,0.041,0.0463,0.7062,113.5,172476,56
TRK001783,Track_1783,Artist_009,electronic,10,1,0.5467,0.4508,-9.963,0.3359,0.4311,0.3046,0.0517,1.0,130.72,171537,36
TRK001784,Track_1784,Artist_334,rock,7,0,0.522,0.3194,-17.888,0.1501,0.7281,0.0073,0.2619,0.4316,111.17,142216,40
TRK001785,Track_1785,Artist_254,pop,5,0,0.764,0.6023,-10.0,0.0999,0.397,0.2941,0.0542,0.6645,144.82,200761,45
TRK001786,Track_1786,Artist_086,jazz,6,0,0.7565,0.3994,-20.778,0.1017,0.7698,0.4668,0.1954,0.3933,181.47,208541,55
TRK001787,Track_1787,Artist_070,jazz,8,1,0.7839,0.5577,-9.918,0.0082,0.4565,0.1001,0.0997,0.4093,110.19,209402,36
TRK001788,Track_1788,Artist_035,electronic,6,0,0.8453,0.6731,-6.588,0.0404,0.2316,0.0978,0.4319,1.0,114.02,174046,62
TRK001789,Track_1789,Artist_166,latin,10,1,0.5584,0.577,-13.62,0.2406,0.2393,0.291,0.1264,0.3583,98.76,183941,40
TRK001790,Track_1790,Artist_263,hip-hop,11,1,0.5612,0.861,-6.185,0.2255,0.0,0.0365,0.2724,0.2439,117.7,195743,58
TRK001791,Track_1791,Artist_204,country,11,0,0.8658,0.6096,-9.595,0.0693,0.2567,0.0293,0.1751,0.6972,67.11,246767,49
TRK001792,Track_1792,Artist_308,pop,7,0,0.5003,0.8133,-6.064,0.1503,0.0849,0.0649,0.2164,0.4824,152.78,179544,69
TRK001793,Track_1793,Artist_120,classical,8,0,0.6298,0.6816,-7.978,0.1359,0.3875,0.1013,0.3379,0.6792,84.64,134458,53
TRK001794,Track_1794,Artist_098,metal,3,0,0.8794,0.7827,-7.412,0.0067,0.1891,0.222,0.2436,1.0,99.42,195547,62
TRK001795,Track_1795,Artist_167,country,0,1,0.6229,0.5158,-8.552,0.1464,0.367,0.1732,0.3248,0.5773,124.35,190371,41
TRK001796,Track_1796,Artist_071,electronic,4,1,0.6313,0.8227,-7.374,0.2509,0.0,0.1237,0.2187,0.6629,160.57,137322,64
TRK001797,Track_1797,Artist_341,electronic,10,1,0.5853,0.8082,-0.299,0.2,0.0654,0.4368,0.4195,0.715,98.08,192032,68
TRK001798,Track_1798,Artist_065,rock,1,1,0.6813,0.8743,-2.032,0.3605,0.0241,0.2499,0.2118,1.0,116.77,170179,83
TRK001799,Track_1799,Artist_168,jazz,6,1,0.6659,0.7341,-6.02,0.1228,0.1313,0.1579,0.1763,1.0,130.22,206494,49
TRK001800,Track_1800,Artist_183,country,2,1,0.4354,0.434,-16.741,0.194,0.6872,0.1009,0.204,0.3409,103.2,228891,38
TRK001801,Track_1801,Artist_020,metal,5,1,0.6562,0.7062,-6.463,0.1542,0.5401,0.0592,0.4192,0.7634,118.63,185854,37
TRK001802,Track_1802,Artist_164,hip-hop,1,0,0.6552,0.4323,-13.161,0.1337,0.356,0.162,0.4639,0.8176,77.47,232997,62
TRK001803,Track_1803,Artist_159,pop,8,1,0.5022,0.3988,-19.89,0.062,0.8027,,0.3261,0.5404,107.22,196225,40
TRK001804,Track_1804,Artist_091,electronic,9,0,0.8023,0.7785,-9.962,0.1313,0.3462,0.3921,0.0736,0.6716,156.45,198096,62
TRK001805,Track_1805,Artist_045,pop,9,1,,0.5594,-10.907,0.2404,0.473,0.1819,0.1834,0.5878,144.84,196088,75
TRK001806,Track_1806,Artist_016,rock,8,0,0.6571,0.4512,-14.367,0.3389,0.8236,0.4444,0.5131,0.5214,109.57,201273,39
TRK001807,Track_1807,Artist_003,rock,2,1,0.8407,0.3041,-18.446,0.1397,0.6653,0.3114,0.4257,0.3296,93.63,148057,35
TRK001808,Track_1808,Artist_169,classical,6,1,0.5154,0.6479,-7.372,0.3919,0.4244,0.0306,0.0853,0.6699,116.05,127692,61
TRK001809,Track_1809,Artist_032,pop,1,0,0.8269,0.7937,-8.483,0.137,0.2286,0.1661,0.2291,0.9503,81.02,260307,76
TRK001810,Track_1810,Artist_335,pop,4,1,0.7097,0.2278,-19.99,0.1633,0.7811,0.0134,0.3054,0.3776,116.49,219520,41
TRK001811,Track_1811,Artist_086,pop,6,1,0.7482,0.3537,-17.642,0.1055,0.7289,0.1107,0.2294,0.4294,110.52,185581,55
TRK001812,Track_1812,Artist_228,rnb,8,1,0.5499,0.53,-11.218,0.0726,0.4784,0.0539,0.4495,0.2928,109.5,257846,38
TRK001813,Track_1813,Artist_236,jazz,1,0,0.578,0.6336,-13.844,0.3613,0.4503,0.027,0.1397,0.6159,118.05,338898,59
TRK001814,Track_1814,Artist_173,pop,9,1,0.3784,0.57,-12.555,0.1399,0.3094,0.1077,0.2076,0.4178,137.03,142497,51
TRK001815,Track_1815,Artist_309,pop,5,1,0.567,,-18.328,0.0645,0.4549,0.0711,0.155,0.1959,92.92,208247,63
TRK001816,Track_1816,Artist_039,electronic,10,0,0.5981,0.3974,-15.946,0.3944,0.4812,0.0305,0.1877,0.9829,148.81,240021,47
TRK001817,Track_1817,Artist_082,rock,6,0,0.6365,0.5537,-10.228,0.1285,0.3806,0.4506,0.299,0.2101,153.51,136642,43
TRK001818,Track_1818,Artist_089,electronic,6,1,0.6781,0.6802,-7.405,0.1202,0.5022,0.1368,0.4463,0.334,183.59,141303,53
TRK001819,Track_1819,Artist_048,hip-hop,8,0,0.637,0.7519,-9.06,0.0287,0.1649,0.2123,0.2064,0.7689,130.3,252875,63
TRK001820,Track_1820,Artist_103,latin,9,0,0.6633,0.8027,-5.168,0.2693,0.3148,0.0074,0.3319,0.7477,163.24,207560,52
TRK001821,Track_1821,Artist_110,rock,1,1,0.4579,0.7642,-7.596,0.2562,0.2836,0.0388,0.0992,0.395,149.34,178784,27
TRK001822,Track_1822,Artist_267,jazz,6,0,0.3485,0.837,-2.591,0.2604,0.0835,0.2008,0.0574,0.3596,127.33,136168,50
TRK001823,Track_1823,Artist_106,pop,0,0,0.5787,0.4857,-13.6,0.2144,0.7499,0.1486,0.0867,0.5629,87.92,224683,55
TRK001824,Track_1824,Artist_306,latin,5,0,0.3838,0.5351,-18.769,0.122,0.5974,0.1254,0.1199,0.478,147.07,146932,34
TRK001825,Track_1825,Artist_270,metal,9,0,0.6248,0.6819,-7.029,0.1325,0.3184,0.0264,0.1829,0.4431,128.71,164147,45
TRK001826,Track_1826,Artist_315,classical,10,0,0.8296,0.5735,-12.392,0.1202,0.4118,0.0304,0.0597,0.803,172.05,166991,46
TRK001827,Track_1827,Artist_037,hip-hop,3,1,0.6933,0.7318,-8.503,0.1609,0.285,0.0577,0.3763,0.7211,142.73,194751,46
TRK001828,Track_1828,Artist_344,pop,4,1,0.6709,0.7755,-6.199,0.2103,0.0,0.3168,0.225,0.8639,151.56,160450,73
TRK001829,Track_1829,Artist_215,country,6,1,0.6732,0.7848,-9.869,0.1809,0.0667,0.1002,0.086,0.6187,105.81,167254,59
TRK001830,Track_1830,Artist_343,classical,4,0,0.5787,0.6139,-10.33,0.1985,0.4694,0.0957,0.5327,0.6711,128.85,252524,37
TRK001831,Track_1831,Artist_124,rock,2,0,0.8227,0.8299,-4.567,0.0565,0.0,0.2382,0.3432,0.6696,68.14,217554,80
TRK001832,Track_1832,Artist_333,hip-hop,3,1,0.8841,0.5909,-10.2,0.0295,0.2746,0.0241,0.135,0.752,137.53,210692,54
TRK001833,Track_1833,Artist_206,hip-hop,4,0,0.5173,0.2574,-19.655,0.2484,0.6719,0.0482,0.3957,0.4373,156.1,229628,52
TRK001834,Track_1834,Artist_026,country,6,1,0.7211,0.694,-6.55,0.3322,0.8287,0.0425,0.2597,0.77,160.97,162344,56
TRK001835,Track_1835,Artist_144,jazz,11,0,0.5727,0.8313,-7.907,0.2052,0.29,0.2133,0.0705,0.6921,112.06,226356,41
TRK001836,Track_1836,Artist_049,jazz,6,1,0.6757,0.4234,-16.061,0.1431,0.7741,0.216,0.3137,0.1623,71.22,229206,44
TRK001837,Track_1837,Artist_329,jazz,4,1,0.4351,0.3323,-16.988,0.1906,0.5227,0.0635,0.392,0.2493,106.95,163934,35
TRK001838,Track_1838,Artist_107,rock,7,1,1.7476190124163615,0.6307,-9.475,0.2727,0.4345,0.1003,0.0644,0.397,119.82,236851,33
TRK001839,Track_1839,,hip-hop,9,0,0.7526,0.5896,-11.742,0.254,0.0935,0.4017,0.1554,0.679,133.45,220605,69
TRK001840,Track_1840,Artist_193,pop,5,0,0.5453,0.4897,-10.524,0.0987,0.4508,0.1568,0.161,0.6153,65.18,221804,60
TRK001841,Track_1841,Artist_149,country,5,1,0.5887,0.5541,-11.16,0.1154,0.5369,0.1744,0.3503,0.6076,119.07,284980,53
TRK001842,Track_1842,Artist_034,hip-hop,2,0,0.3616,0.5855,-10.953,0.1683,0.1593,0.0745,0.0172,0.2908,92.95,215506,45
TRK001843,Track_1843,Artist_285,hip-hop,10,1,0.8688,0.3227,-16.328,0.3065,0.748,0.0176,0.4274,0.7192,162.5,168446,62
TRK001844,Track_1844,Artist_296,rock,10,0,0.7044,0.4583,-12.305,0.2608,0.6274,0.1122,0.0839,0.3818,56.62,215863,45
TRK001845,Track_1845,Artist_260,pop,2,1,0.8344,0.1843,-19.415,0.1847,0.7072,0.1204,0.183,0.7174,150.36,210597,61
TRK001846,Track_1846,Artist_216,electronic,4,0,0.5584,0.7288,-11.948,0.1519,0.121,0.1174,0.4722,0.7957,117.53,160106,49
TRK001847,Track_1847,Artist_141,rock,3,1,0.5153,0.4729,-11.199,0.0688,0.3984,0.3207,0.3115,0.4456,64.69,118921,19
TRK001848,Track_1848,Artist_190,pop,11,1,0.3686,0.7885,-6.389,0.2937,0.149,0.2977,0.135,0.3752,168.97,207068,64
TRK001849,Track_1849,Artist_182,classical,0,1,0.8145,0.7217,-6.616,0.0321,0.2213,0.0465,0.509,0.5438,159.81,252440,56
TRK001850,Track_1850,Artist_058,hip-hop,2,0,0.4793,0.7113,-9.244,,0.3804,0.0007,0.5621,0.3177,157.0,252863,58
TRK001851,Track_1851,Artist_029,hip-hop,3,0,0.5793,0.6572,-13.561,0.2106,0.2466,0.0207,0.16,0.3746,124.61,222713,48
TRK001852,Track_1852,Artist_089,hip-hop,6,0,0.591,0.5585,-16.727,0.2423,0.7299,0.0107,0.2023,0.4789,103.2,280652,52
TRK001853,Track_1853,Artist_159,country,2,1,0.5704,0.6178,-12.487,0.3106,0.6693,0.0547,0.3213,0.4222,123.82,217852,60
TRK001854,Track_1854,Artist_056,rock,6,0,0.5121,0.4175,-13.677,0.3925,0.625,0.0247,0.3319,0.1368,137.29,201126,42
TRK001855,Track_1855,Artist_038,classical,8,1,0.606,0.8636,-2.145,0.1173,0.0744,0.307,0.167,0.5379,106.81,219183,71
TRK001856,Track_1856,Artist_298,latin,9,0,0.7828,0.436,-13.743,0.1432,0.468,0.1771,0.1168,0.5716,97.98,177013,57
TRK001857,Track_1857,Artist_131,jazz,1,0,0.7533,0.8611,-7.37,0.297,0.1959,0.1119,0.0843,0.6294,135.81,152972,51
TRK001858,Track_1858,Artist_204,hip-hop,1,1,0.7402,0.6674,-11.042,0.2366,0.4211,0.2823,0.1978,0.4556,127.47,165957,61
TRK001859,Track_1859,Artist_183,classical,1,0,0.1473,0.595,-7.915,0.2166,0.3688,0.1281,0.1111,0.0,147.93,188428,46
TRK001860,Track_1860,Artist_257,hip-hop,10,0,0.7136,0.6907,-11.688,,0.2385,0.0068,0.0521,0.819,164.65,248977,66
TRK001861,Track_1861,Artist_259,hip-hop,7,1,0.2946,0.382,-10.972,0.2018,0.6815,0.1307,0.3994,0.3092,145.98,144882,47
TRK001862,Track_1862,Artist_104,electronic,6,1,0.4051,0.4282,-10.453,0.027,0.5843,0.2246,0.0929,0.4399,89.74,166166,56
TRK001863,Track_1863,Artist_296,rock,9,1,0.5824,0.6615,-4.75,0.0318,0.2355,0.064,0.1648,0.5762,121.64,246238,29
TRK001864,Track_1864,Artist_130,pop,7,1,0.6364,0.3763,-14.884,0.2495,0.6441,0.1412,0.1802,0.5576,132.84,193942,60
TRK001865,Track_1865,Artist_292,hip-hop,2,1,0.7634,0.5859,-11.863,0.1679,0.3052,0.2874,0.2872,0.6419,144.66,201030,70
TRK001866,Track_1866,Artist_142,pop,6,1,0.6644,0.4678,-12.926,0.2027,0.397,0.1125,0.1486,0.5305,146.03,193134,49
TRK001867,Track_1867,Artist_039,hip-hop,8,0,0.575,0.5843,-9.147,0.2045,0.4148,0.3061,0.3704,0.6506,120.37,296967,63
TRK001868,Track_1868,Artist_266,electronic,0,0,0.8019,0.2871,-19.115,0.3941,0.6094,0.3531,0.2427,0.6874,108.27,235213,51
TRK001869,Track_1869,Artist_011,latin,7,0,0.6973,0.4632,-16.232,0.1298,0.4048,0.1936,0.214,0.7749,150.24,221337,34
TRK001870,Track_1870,Artist_270,pop,5,1,0.5941,0.7721,-7.639,0.1198,0.4161,0.0067,0.3303,0.4378,132.57,218885,67
TRK001871,Track_1871,Artist_016,electronic,0,1,0.4931,0.6889,-10.544,0.2933,0.2405,0.0454,0.3114,0.5579,129.88,228426,53
TRK001872,Track_1872,Artist_073,hip-hop,3,0,0.892,0.6774,-6.368,0.0424,0.6545,0.1952,0.2866,0.3995,102.27,293169,60
TRK001873,Track_1873,Artist_211,pop,5,1,0.3334,0.4778,-14.845,0.1719,0.635,0.0522,0.2866,0.2806,180.79,193173,52
TRK001874,Track_1874,Artist_329,rock,4,0,0.8541,0.8856,-4.306,,0.0,0.0087,0.511,0.7089,128.97,217592,53
TRK001875,Track_1875,Artist_143,pop,3,1,0.5618,0.4907,-11.042,0.0926,0.718,0.0151,0.1583,0.6079,119.57,211310,63
TRK001876,Track_1876,Artist_043,pop,7,1,,0.6489,-6.907,0.1584,0.2221,0.1977,0.6261,0.5271,128.97,250653,49
TRK001877,Track_1877,Artist_082,rock,4,1,0.5634,0.7261,-7.567,0.1175,0.6291,0.2278,0.0429,0.6788,118.31,286719,64
TRK001878,Track_1878,Artist_313,hip-hop,5,1,0.6267,0.5895,-10.185,0.0539,0.4512,0.0111,0.1259,0.4762,85.91,183528,66
TRK001879,Track_1879,Artist_254,electronic,9,1,0.4963,0.4963,-15.319,0.0495,0.6014,0.0507,0.1332,0.3431,130.36,230390,61
TRK001880,Track_1880,Artist_036,pop,1,0,,0.7256,-5.786,0.139,0.28,0.0492,0.1549,0.4405,81.36,217929,63
TRK001881,Track_1881,Artist_135,pop,4,0,0.6318,0.5473,-9.18,0.4673,0.5006,0.1285,0.3438,0.6502,124.89,147327,54
TRK001882,Track_1882,Artist_093,pop,0,1,0.706,0.7239,-12.188,0.1056,0.2348,0.0291,0.4399,0.553,77.39,253657,56
TRK001883,Track_1883,Artist_063,electronic,11,0,0.4895,0.4924,-9.288,0.1892,0.3409,0.2064,0.4946,0.0059,61.68,280353,34
TRK001884,Track_1884,Artist_296,rock,2,0,0.7694,0.415,-16.412,0.1799,0.6462,0.0673,0.4131,0.6559,139.16,246886,48
TRK001885,Track_1885,Artist_216,electronic,9,0,0.74,0.3295,-15.442,0.0871,0.8549,0.0446,0.3151,0.3311,91.1,181555,43
TRK001886,Track_1886,Artist_063,rock,2,1,0.5963,0.6097,-10.417,0.294,0.176,0.3718,0.2457,0.5665,134.16,148946,49
TRK001887,Track_1887,Artist_228,pop,3,1,0.553,0.871,-4.97,0.158,0.4062,0.1494,0.3583,0.4005,126.74,238849,52
TRK001888,Track_1888,Artist_145,latin,7,1,0.7087,0.6212,-10.788,0.1634,0.487,,0.0775,0.589,126.11,161425,46
TRK001889,,Artist_022,pop,9,1,0.6828,0.4272,-16.784,0.2421,0.4941,0.2233,0.4162,0.0,104.44,165908,44
TRK001890,Track_1890,Artist_158,pop,2,1,0.5628,0.3572,-14.99,0.1533,0.561,0.0138,0.1567,0.4222,118.33,219419,44
TRK001891,Track_1891,Artist_065,pop,2,1,0.2415,0.4011,-15.806,0.4047,0.9345,0.0048,0.1638,0.1415,103.62,243112,39
TRK001892,Track_1892,Artist_086,metal,10,1,0.5949,0.5176,-15.495,0.1869,0.6514,0.137,0.2245,0.2706,148.45,194873,48
TRK001893,Track_1893,Artist_307,electronic,3,0,0.5331,0.5441,-14.307,0.2645,0.6611,0.2166,0.2902,0.6179,108.48,200700,42
TRK001894,Track_1894,Artist_248,electronic,2,1,0.7011,0.6332,-12.914,0.3601,0.3217,0.2356,0.0988,0.5657,115.04,204964,44
TRK001895,Track_1895,Artist_047,metal,8,0,0.7926,0.2984,-18.59,0.3979,0.8016,0.1796,0.5584,0.4672,142.85,168777,43
TRK001896,Track_1896,Artist_298,pop,1,1,0.8514,0.54,-11.054,0.0202,0.5229,0.1415,0.116,0.4917,104.6,192894,50
TRK001897,Track_1897,Artist_201,metal,10,1,0.3715,0.2501,-20.062,0.1832,0.7184,0.395,0.335,0.4657,71.85,137213,45
TRK001898,Track_1898,Artist_306,pop,10,1,0.5947,0.4324,,0.1542,0.5872,0.1208,0.2178,0.3907,92.29,243095,45
TRK001899,Track_1899,Artist_261,electronic,10,1,0.451,0.4618,-14.103,0.0069,0.738,0.1634,0.2354,0.6824,151.56,335471,49
TRK001900,Track_1900,Artist_119,hip-hop,3,1,0.6101,0.4218,-15.358,0.0428,0.8662,0.2942,0.1872,0.6935,124.31,212703,56
TRK001901,Track_1901,Artist_187,hip-hop,1,1,0.8837,0.6888,-8.81,0.0544,0.266,0.2544,0.2222,0.9453,130.18,263597,55
TRK001902,Track_1902,Artist_186,latin,5,0,0.8094,0.4674,-10.648,0.0511,0.2963,0.0518,0.0845,0.7521,130.28,198226,46
TRK001903,Track_1903,Artist_252,pop,4,0,0.242,0.6394,-12.95,0.1812,0.6564,0.2156,0.1169,0.2736,172.07,149409,40
TRK001904,Track_1904,Artist_087,,11,1,0.8142,0.2673,-14.475,0.1205,1.0,0.12,0.1003,0.5194,63.9,311303,53
TRK001905,Track_1905,Artist_117,hip-hop,7,1,0.5486,0.5224,-10.394,0.2253,0.5496,0.0071,0.1864,0.4432,118.42,171945,69
TRK001906,Track_1906,Artist_086,jazz,11,0,0.7328,0.5299,-12.391,0.1552,0.7928,0.1194,0.3814,0.7161,122.84,252618,68
TRK001907,Track_1907,Artist_104,latin,9,1,0.6942,0.3902,-12.814,0.1036,0.6688,0.1071,0.2772,0.4971,121.43,219722,57
TRK001908,Track_1908,Artist_057,pop,8,1,0.4565,0.7933,-7.258,0.1919,0.0431,0.0461,0.3169,0.4893,144.39,263422,46
TRK001909,Track_1909,Artist_013,latin,1,1,0.7934,0.5159,-12.022,0.1885,0.2479,0.0947,0.3944,0.886,145.1,206981,47
TRK001910,Track_1910,Artist_329,electronic,0,0,0.7252,0.572,-12.606,0.1154,0.1901,0.0967,0.0655,0.5176,115.95,157627,68
TRK001911,Track_1911,Artist_026,jazz,0,1,0.6412,0.5477,-9.824,0.2588,0.4531,0.0294,0.2354,0.4178,74.69,180088,61
TRK001912,Track_1912,Artist_310,pop,7,0,0.5997,0.5925,-12.521,0.1286,0.3236,0.0641,0.1422,0.4549,192.24,315850,63
TRK001913,Track_1913,Artist_002,electronic,2,0,0.5192,0.3587,-16.221,0.1493,0.5371,0.0175,0.1527,0.602,121.83,224385,56
TRK001914,Track_1914,Artist_272,jazz,11,1,0.6996,0.3614,-14.555,0.1532,0.6194,0.1372,0.1297,0.5251,124.45,307983,41
TRK001915,Track_1915,Artist_115,hip-hop,1,1,,1.4853429944167973,-6.774,,0.4762,0.0491,0.2142,0.5433,157.34,193459,68
TRK001916,Track_1916,Artist_181,pop,11,0,0.5644,0.4736,-15.387,0.2395,0.4279,0.1196,0.2061,0.5122,110.99,242121,47
TRK001917,Track_1917,Artist_099,rock,8,0,0.6385,0.945,-1.554,0.1081,0.0,0.0083,0.3464,0.2733,158.17,152223,39
TRK001918,Track_1918,Artist_172,rnb,1,0,0.6186,0.8118,-8.301,0.1797,0.1016,0.1043,0.2442,0.4201,113.42,211339,61
TRK001919,Track_1919,Artist_158,pop,0,1,0.6849,0.5783,-16.008,0.148,0.5875,0.1714,0.1906,0.5104,173.21,310039,52
TRK001920,Track_1920,Artist_185,jazz,4,1,0.5222,0.5626,-13.269,0.2925,0.4248,0.0448,0.1844,0.5385,134.75,174728,35
TRK001921,,Artist_138,metal,4,0,0.6577,0.8211,-4.1,0.0459,0.2293,0.1571,0.2571,0.4562,103.09,178933,60
TRK001922,Track_1922,Artist_188,pop,3,0,0.6554,0.6877,-8.898,0.2687,0.5919,0.0373,0.1597,0.4029,183.05,247241,42
TRK001923,Track_1923,Artist_289,pop,6,1,0.5142,0.5663,-12.718,0.2344,0.9455,0.2239,0.3267,0.4234,138.87,215157,56
TRK001924,Track_1924,Artist_152,jazz,1,0,0.2556,0.3948,-15.192,0.0885,0.7205,0.6066,0.303,0.5419,104.95,295325,28
TRK001925,Track_1925,Artist_127,pop,1,0,0.5876,0.7393,-7.687,0.0441,0.3582,0.0943,0.4409,0.1857,82.6,199157,70
TRK001926,Track_1926,Artist_046,electronic,8,0,0.307,0.2425,-17.296,0.1323,0.5442,0.2636,0.1189,0.0,141.53,213095,36
TRK001927,Track_1927,Artist_126,jazz,11,1,0.7262,0.5201,-16.104,0.216,0.5462,0.0669,0.1056,0.8712,160.75,224258,63
TRK001928,,Artist_044,electronic,3,0,0.4391,0.8928,-4.584,0.1364,0.1184,0.153,0.3174,0.2846,132.84,161590,42
TRK001929,Track_1929,Artist_064,hip-hop,11,0,0.6851,0.4844,-13.071,0.0637,0.6762,0.0925,0.0653,0.4549,131.24,151562,39
TRK001930,Track_1930,Artist_333,jazz,4,0,0.6824,0.8239,-8.879,0.1717,0.1056,0.0582,0.1443,0.3753,165.64,147460,49
TRK001931,Track_1931,Artist_032,electronic,4,0,0.8307,0.7434,-10.68,0.2579,0.2928,0.2545,0.358,0.6295,138.75,61146,66
TRK001932,Track_1932,Artist_169,pop,1,0,0.714,0.498,-13.847,0.0278,0.611,0.2182,0.2363,0.5211,103.58,206173,57
TRK001933,Track_1933,Artist_292,electronic,5,0,0.5767,0.5376,-12.155,0.0986,0.8042,0.3268,0.0367,0.7876,104.78,151468,62
TRK001934,Track_1934,Artist_333,rnb,5,0,0.4898,0.3699,-15.835,0.1537,0.9116,0.1127,0.1608,0.5296,137.56,185744,49
TRK001935,Track_1935,Artist_052,jazz,7,0,0.6647,0.5935,-12.167,0.0729,0.6344,0.037,0.2155,0.3259,136.06,255903,38
TRK001936,Track_1936,Artist_058,hip-hop,1,0,0.8429,0.8559,-6.484,0.1571,0.275,0.1991,0.2358,0.3854,152.46,167434,67
TRK001937,Track_1937,Artist_131,rock,2,1,0.2325,0.6827,-9.85,0.4581,0.2397,0.1781,0.2643,0.4835,132.32,241041,42
TRK001938,Track_1938,Artist_194,pop,5,0,0.223,0.5947,-10.259,0.4883,0.536,0.0611,0.3491,0.265,141.04,138891,57
TRK001939,Track_1939,Artist_335,rock,0,1,0.3436,0.5496,-9.17,0.2314,0.3114,0.1096,0.1707,0.2668,131.75,179174,30
TRK001940,Track_1940,Artist_073,pop,1,1,0.8328,0.3332,-21.556,0.154,,0.106,0.2141,0.7546,149.0,288347,54
TRK001941,Track_1941,Artist_058,metal,7,1,0.7516,0.6817,-7.631,0.3186,0.6384,0.0775,0.1141,0.3107,142.88,190747,54
TRK001942,Track_1942,,rock,11,1,0.6376,0.6192,-10.622,0.1704,0.4776,0.247,0.1943,0.4877,114.77,267951,60
TRK001943,Track_1943,Artist_306,country,6,1,0.6092,0.7344,-6.687,0.1659,0.3065,0.2791,0.3339,0.6947,116.73,315993,49
TRK001944,Track_1944,Artist_011,pop,1,0,0.8091,0.4163,-12.233,0.0146,0.6477,0.2615,0.276,0.3473,131.07,191151,60
TRK001945,Track_1945,Artist_133,rock,11,0,0.4696,0.2703,-19.716,,0.7128,0.0554,0.1114,0.5896,125.14,180042,40
TRK001946,Track_1946,Artist_042,hip-hop,6,0,0.317,0.4809,-11.343,0.08,0.1311,0.0432,0.226,0.1788,158.8,112788,42
TRK001947,Track_1947,Artist_055,rock,8,1,0.8437,0.42,-17.519,-0.4684753965665216,0.3524,0.0045,0.203,0.564,127.93,223131,62
TRK001948,Track_1948,Artist_320,country,2,1,0.6726,0.2482,-18.259,0.0773,0.8629,0.0767,0.4124,0.3148,82.14,227066,42
TRK001949,Track_1949,Artist_001,latin,6,1,0.5381,0.5103,-13.308,0.1127,0.324,0.2428,0.1984,0.0,88.9,244683,33
TRK001950,Track_1950,Artist_113,rnb,0,1,0.5892,0.3223,-16.807,0.0668,0.6583,0.2108,0.4071,0.3522,115.3,272610,38
TRK001951,Track_1951,Artist_320,pop,7,0,0.804,0.8406,-7.683,0.0622,0.0,0.2684,0.1608,0.8486,142.21,163833,65
TRK001952,Track_1952,Artist_213,country,2,0,0.7233,0.386,-14.548,0.1489,0.4847,0.1371,0.2976,0.3243,101.69,294199,38
TRK001953,Track_1953,Artist_026,pop,10,0,0.5562,0.6008,-7.292,0.3166,0.3984,0.0397,0.2882,0.3975,140.24,197320,53
TRK001954,Track_1954,Artist_163,rnb,0,0,0.4532,0.7089,-10.542,0.029,0.4574,0.0211,0.0618,0.4091,100.52,226365,50
TRK001955,Track_1955,Artist_339,hip-hop,7,1,0.8111,0.4771,-13.088,0.1432,0.7253,0.0091,0.2375,0.6785,126.45,206966,63
TRK001956,Track_1956,Artist_140,rock,1,0,0.7354,0.3395,-36.56973985836615,0.1975,0.5283,0.0414,0.2169,0.435,133.61,175288,37
TRK001957,Track_1957,Artist_185,pop,8,1,0.7312,0.7175,-8.868,0.1257,0.3377,0.2538,0.2567,0.6343,89.99,156052,58
TRK001958,Track_1958,Artist_186,pop,5,1,0.474,0.584,-8.16,0.1807,0.1595,0.13,0.2606,0.4742,133.08,219463,50
TRK001959,Track_1959,Artist_231,rock,11,0,0.3202,0.4091,-15.946,0.2206,0.6011,,0.0985,0.243,167.24,166612,26
TRK001960,Track_1960,Artist_066,rnb,7,1,0.5105,0.3078,-36.121078018179674,0.081,0.8638,0.0335,0.1335,0.6916,116.47,200081,41
TRK001961,Track_1961,Artist_294,country,4,0,0.5899,0.3193,-19.161,,0.6687,0.0447,0.3531,0.2426,124.14,191453,48
TRK001962,Track_1962,Artist_346,latin,1,1,0.7786,0.5156,-12.379,0.201,0.7212,0.1204,0.1004,0.7074,129.09,193698,64
TRK001963,Track_1963,Artist_050,pop,7,1,0.686,0.6639,-9.387,0.2778,0.4867,0.1774,0.5319,0.8207,124.54,129030,60
TRK001964,Track_1964,Artist_286,electronic,5,0,0.2609,0.3944,-13.925,0.0306,0.6491,0.0448,0.2585,0.2805,122.67,67480,33
TRK001965,Track_1965,Artist_286,rock,0,1,0.7455,0.8902,-5.816,0.0653,0.0649,0.0589,0.3597,0.708,120.51,247757,58
TRK001966,Track_1966,Artist_259,electronic,6,0,0.5292,0.5731,-12.892,0.142,0.3307,0.1954,0.2667,0.5842,78.11,260647,51
TRK001967,Track_1967,Artist_130,rock,2,1,0.5134,0.4372,-13.364,0.1589,0.3003,0.0308,0.3451,0.3672,134.68,94724,48
TRK001968,,Artist_164,rock,2,0,0.7378,0.4626,-10.75,0.0418,0.3043,0.2433,0.2168,0.2026,91.9,228818,39
TRK001969,Track_1969,Artist_293,electronic,0,0,0.9196,0.6071,-9.26,0.2849,0.572,0.1019,0.2053,0.6314,132.54,219775,56
TRK001970,Track_1970,Artist_054,pop,4,0,0.7732,0.4686,-9.627,,0.8039,0.1871,0.1177,0.8582,141.63,150417,83
TRK001971,Track_1971,Artist_290,hip-hop,2,0,0.7962,0.1423,-19.647,0.034,0.6631,0.0055,0.4314,0.5605,133.39,250403,40
TRK001972,Track_1972,Artist_322,jazz,0,0,0.4564,0.4043,-13.962,0.0779,0.6079,0.0884,0.1193,0.4108,97.26,261218,48
TRK001973,Track_1973,Artist_238,pop,5,1,0.6078,0.4109,-13.466,0.127,0.3057,0.073,0.1374,0.6035,130.83,257671,68
TRK001974,Track_1974,Artist_120,latin,2,1,0.264,0.6332,-6.796,0.2216,0.191,0.0377,0.376,0.3644,116.02,288517,38
TRK001975,Track_1975,Artist_196,hip-hop,1,1,0.617,0.4879,-10.544,0.2813,0.5589,0.0352,0.4141,0.5037,105.48,255004,57
TRK001976,Track_1976,Artist_018,country,5,0,0.6837,0.2945,-19.907,0.2895,0.6121,0.0131,0.1023,0.3832,179.78,172584,28
TRK001977,Track_1977,Artist_326,jazz,0,0,0.749,0.4902,-11.454,0.1697,0.1649,0.3866,0.1147,0.6446,96.85,210781,48
TRK001978,Track_1978,Artist_120,jazz,11,1,0.6766,0.3475,-15.771,0.1683,0.9619,0.1075,0.2638,0.3796,135.85,227344,53
TRK001979,Track_1979,Artist_020,jazz,5,0,0.7098,0.6452,-10.233,0.1767,0.346,,0.083,0.5385,164.72,278353,51
TRK001980,Track_1980,Artist_278,rnb,11,0,0.5101,0.4218,-18.621,0.1469,0.3794,0.1971,0.3784,0.5854,132.72,198700,46
TRK001981,Track_1981,Artist_230,electronic,10,0,0.5117,0.4073,-18.428,0.0917,0.6158,0.1537,0.0614,0.3878,104.78,181545,61
TRK001982,Track_1982,Artist_218,rock,11,0,0.669,0.7593,-8.098,0.0152,0.2262,0.1775,0.3852,0.7186,106.56,135572,61
TRK001983,Track_1983,,pop,6,0,0.5875,0.5453,-15.225,0.3513,0.5306,0.1299,0.3069,0.6219,82.89,249289,63
TRK001984,Track_1984,Artist_263,electronic,5,1,0.9385,0.5961,-11.642,0.0752,0.3427,0.2507,0.1974,0.6672,124.62,219412,53
TRK001985,Track_1985,Artist_223,pop,8,0,0.7462,0.6525,-8.073,0.1848,0.404,0.2489,0.2911,0.5513,125.65,171006,38
TRK001986,Track_1986,Artist_277,rock,0,1,0.5167,0.2071,-20.722,0.1411,0.9628,0.0995,0.14,0.1174,114.98,244674,37
TRK001987,Track_1987,Artist_289,pop,10,0,0.7364,0.7651,-6.984,0.1424,0.0,0.1,0.0988,0.4518,161.87,194692,62
TRK001988,Track_1988,Artist_074,,3,0,0.2594,0.7931,-8.906,0.1125,,0.0979,0.3212,0.554,120.95,150386,56
TRK001989,Track_1989,Artist_074,pop,0,1,0.6848,0.7409,,0.1616,0.4101,0.052,0.1758,0.7238,78.6,269886,65
TRK001990,Track_1990,Artist_323,electronic,2,1,0.4499,0.6241,-9.153,0.344,0.2767,0.0355,0.2342,0.2927,164.46,117160,48
TRK001991,Track_1991,Artist_186,country,2,0,0.6861,0.4807,-16.556,0.171,0.5046,0.0045,0.1117,0.5983,89.84,216470,50
TRK001992,Track_1992,Artist_153,country,0,0,0.643,0.7149,-9.927,0.2143,0.2005,0.068,0.2516,0.6285,137.33,205013,43
TRK001993,Track_1993,Artist_101,rock,8,1,0.8091,0.6443,-12.612,0.045,0.2822,0.0654,0.3275,0.808,141.0,136255,40
TRK001994,Track_1994,Artist_224,electronic,1,0,0.6798,0.5232,-11.37,0.3975,0.3881,0.138,0.2312,0.9288,120.93,224643,50
TRK001995,Track_1995,Artist_264,electronic,10,1,0.2126,0.6928,-8.398,0.2055,0.0806,0.1179,0.0874,0.4916,149.3,178794,36
TRK001996,Track_1996,Artist_001,hip-hop,5,0,0.5087,0.5321,-12.402,0.23,0.5505,,0.1434,0.3408,125.33,285761,49
TRK001997,Track_1997,Artist_193,jazz,8,1,0.6389,0.5603,-11.956,0.1454,0.6309,0.0743,0.2376,0.6674,113.12,255181,35
TRK001998,Track_1998,Artist_347,pop,4,0,0.7518,0.8412,-4.784,0.5686,0.1271,0.1386,0.2264,0.4952,64.81,219951,60
TRK001999,Track_1999,Artist_098,metal,1,1,0.5215,0.7025,-7.791,0.2141,0.4684,0.056,0.2353,0.9304,74.7,97873,71
TRK002000,Track_2000,Artist_099,pop,2,1,0.608,0.4026,-16.232,0.0928,0.509,0.0243,0.1804,0.2438,200.3,184994,50
TRK000647,Track_0647,Artist_161,rock,1,1,0.5777,0.5583,-8.4,0.1014,,0.1091,0.1611,0.2666,125.37,296049,40
TRK001012,Track_1012,Artist_280,,6,0,0.7084,0.6519,-11.11,0.1319,0.2053,0.026,0.3069,0.479,156.98,134229,47
TRK000245,Track_0245,Artist_220,rock,9,1,0.8039,0.3294,-14.797,0.0992,0.5985,0.0258,0.2622,0.8249,106.99,229322,46
TRK000102,Track_0102,Artist_070,rock,10,1,0.7921,0.4347,-13.704,0.2405,0.3332,0.0383,0.1557,0.7474,116.51,116916,59
TRK000488,Track_0488,Artist_186,hip-hop,3,1,0.9034,0.6846,-6.478,0.131,0.3398,0.0941,0.2587,0.7967,134.57,222991,62
TRK000392,Track_0392,Artist_063,country,4,1,0.6343,0.4415,-10.961,0.1383,0.6192,0.1038,0.3194,0.4791,144.98,252094,52
TRK000680,Track_0680,Artist_327,electronic,6,1,0.6743,0.6274,-7.949,0.1759,0.3187,,0.2794,0.5264,169.43,198053,63
TRK000627,Track_0627,Artist_119,hip-hop,9,1,0.4251,0.3823,-15.167,0.2232,0.6329,0.0466,0.2379,0.2821,80.87,222046,61
TRK000284,Track_0284,Artist_172,electronic,2,1,0.3913,0.9062,,0.1175,0.0011,0.2515,0.2896,0.5494,90.47,186612,44
TRK001607,Track_1607,Artist_052,,6,0,0.6995,0.6851,-9.086,0.0757,0.2631,0.2603,0.0708,0.4174,101.96,204950,52
